"battle_art_url","elite_hp","ability_anim_url","elite_ability_text","passive_marker_elite","art_url","gold_border","hp","description","elite_ability_anim_url","in_auction","ability_anim_desc","title","type","elite_ability_anim_motion","number","ability_text","power","tag","foil","elite_he","cc","cost","ad","elite_ability_name","passive_marker","elite_velocidad","en","rainbow_border","card_id","ability_anim_motion","ability_name","clan_color","mana","elite_ability_anim_desc","elite_battle_art_url","name","clan","elite_ad","elite_cc","category","elite_art_url","he","velocidad","id","created_date","updated_date","created_by_id","created_by","is_sample"
"https://media.base44.com/images/public/6a39c9aee54efe3a86d6d69a/6f705ae0e_generated_image.png","58","https://media.base44.com/images/public/6a39c9aee54efe3a86d6d69a/0940b8c4c_generated_image.png","Golpea a todos +5 de daño, sin penalización.","","https://media.base44.com/images/public/6a39c9aee54efe3a86d6d69a/fe63611da_generated_image.png","","44","","https://media.base44.com/images/public/6a39c9aee54efe3a86d6d69a/77316ee6d_generated_image.png","true","","El CEO","CC","","1","Golpea a TODOS los rivales en cuerpo a cuerpo.","","club","","4","22","22","6","Torbellino Supremo","","","{""ability_name"":""Whirlwind"",""ability_text"":""Strike ALL rivals in Melee."",""elite_ability_name"":""Supreme Whirlwind"",""elite_ability_text"":""Strike all for +5 damage, with no penalty."",""name"":null,""description"":null,""tag"":""club"",""title"":""The CEO""}","","kru","","Torbellino","#cc3333","10","","https://media.base44.com/images/public/6a39c9aee54efe3a86d6d69a/61ea2dbf3_generated_image.png","Xabierus","Guerreros","9","28","hero","https://media.base44.com/images/public/6a39c9aee54efe3a86d6d69a/62a8b9064_generated_image.png","2","","6a3a8416b4f527100b1aa339","2026-06-23T13:03:18.450000","2026-09-24T09:07:06.362000","service_05f8c27e-8970-4a4e-9d7d-a6b9328a676a","service+05f8c27e-8970-4a4e-9d7d-a6b9328a676a@no-reply.base44.com","false"
"https://media.base44.com/images/public/6a39c9aee54efe3a86d6d69a/37bbd2d93_generated_image.png","60","https://media.base44.com/images/public/6a39c9aee54efe3a86d6d69a/1330d6dbf_generated_image.png","Todos los rivales -5 a sus stats durante 2 turnos.","","https://base44.app/api/apps/6a39c9aee54efe3a86d6d69a/files/mp/public/6a39c9aee54efe3a86d6d69a/6512204da_card_art.jpg","","46","","https://media.base44.com/images/public/6a39c9aee54efe3a86d6d69a/b0e64743b_generated_image.png","true","","El Teacher","CC","","2","Todos los rivales -3 a sus stats durante 1 turno.","","club","","3","24","24","5","Terror Absoluto","","","{""ability_name"":""Intimidation"",""ability_text"":""All rivals -3 to their stats for 1 turn."",""elite_ability_name"":""Absolute Terror"",""elite_ability_text"":""All rivals -5 to their stats for 2 turns."",""name"":null,""description"":null,""tag"":""club"",""title"":""El Teacher""}","","bos","","Intimidación","#cc3333","10","","https://media.base44.com/images/public/6a39c9aee54efe3a86d6d69a/b86d4cb2f_generated_image.png","Boss","Guerreros","8","30","hero","https://base44.app/api/apps/6a39c9aee54efe3a86d6d69a/files/mp/public/6a39c9aee54efe3a86d6d69a/c5edf1fe6_card_art.jpg","1","","6a3a8416b4f527100b1aa33a","2026-06-23T13:03:18.450000","2026-09-24T09:07:21.525000","service_05f8c27e-8970-4a4e-9d7d-a6b9328a676a","service+05f8c27e-8970-4a4e-9d7d-a6b9328a676a@no-reply.base44.com","false"
"https://media.base44.com/images/public/6a39c9aee54efe3a86d6d69a/d910475d6_generated_image.png","48","https://media.base44.com/images/public/6a39c9aee54efe3a86d6d69a/2f9aade2d_generated_image.png","Paraliza 2 turnos a los 3 héroes del rival.","","https://base44.app/api/apps/6a39c9aee54efe3a86d6d69a/files/mp/public/6a39c9aee54efe3a86d6d69a/e7366cdb3_card_art.jpg","","36","","https://media.base44.com/images/public/6a39c9aee54efe3a86d6d69a/9bbb781e5_generated_image.png","true","NArbón jugando al futbolin y gritando Soltaito,sin marco","The Punisher","CC","","3","Gran golpe de futbolín que además destruye el arma/armadura del objetivo.","","club","","5","20","19","8","Narbonizar","","","{""ability_name"":""Foosball Fury"",""ability_text"":""A massive foosball kick that also destroys the target's weapon/shield."",""elite_ability_name"":""Narbonize"",""elite_ability_text"":""Paralyzes the opponent's 3 heroes for 2 turns."",""name"":null,""description"":null,""tag"":null,""title"":""The Punisher""}","","nar","","El Soltaito","#cc3333","10","Narbón enganchando la pieza de ajedrez del caballo a un tablero con pegamento y cadenas y que diga únicamente"" Caballo Narbonizado"", sin ninguna letra más,fondo oscuro","https://media.base44.com/images/public/6a39c9aee54efe3a86d6d69a/9be300373_generated_image.png","Narbon","Guerreros","11","26","hero","https://base44.app/api/apps/6a39c9aee54efe3a86d6d69a/files/mp/public/6a39c9aee54efe3a86d6d69a/a88c39552_card_art.jpg","3","","6a3a8416b4f527100b1aa33b","2026-06-23T13:03:18.450000","2026-09-24T09:07:36.320000","service_05f8c27e-8970-4a4e-9d7d-a6b9328a676a","service+05f8c27e-8970-4a4e-9d7d-a6b9328a676a@no-reply.base44.com","false"
"https://media.base44.com/images/public/6a39c9aee54efe3a86d6d69a/9ef6760a9_generated_image.png","44","https://media.base44.com/images/public/6a39c9aee54efe3a86d6d69a/be4c7f067_generated_image.png","'+9 CC, +6 velocidad y robo de vida en CC.","","https://base44.app/api/apps/6a39c9aee54efe3a86d6d69a/files/mp/public/6a39c9aee54efe3a86d6d69a/4b8275b51_card_art.jpg","","32","","https://media.base44.com/images/public/6a39c9aee54efe3a86d6d69a/574b63cd7_generated_image.png","","","Haggen Lord","CC","ride","4","Entra en furia: +6 CC y +4 velocidad este combate.","","L5R","","3","21","16","4","Berserker Supremo","","27","{""ability_name"":""Blind Fury"",""ability_text"":""Enters fury: +6 CC and +4 speed this combat."",""elite_ability_name"":""Supreme Berserker"",""elite_ability_text"":""+9 CC, +6 speed and life steal on CC."",""name"":null,""description"":null,""tag"":null,""title"":""The Berserker""}","true","achucm","slash","Furia Ciega","#cc3333","10","Que vaya a lomos de una moto con forma de león y en los dientes tenga mordido un escorpión,fondo negro","https://media.base44.com/images/public/6a39c9aee54efe3a86d6d69a/911bc4f1b_generated_image.png","AchuchaMoto","Guerreros","6","27","hero","https://base44.app/api/apps/6a39c9aee54efe3a86d6d69a/files/mp/public/6a39c9aee54efe3a86d6d69a/5d5f40ed8_card_art.jpg","2","21","6a3a8416b4f527100b1aa33c","2026-06-23T13:03:18.450000","2026-09-24T09:08:11.254000","service_05f8c27e-8970-4a4e-9d7d-a6b9328a676a","service+05f8c27e-8970-4a4e-9d7d-a6b9328a676a@no-reply.base44.com","false"
"https://media.base44.com/images/public/6a39c9aee54efe3a86d6d69a/83fdf2be0_generated_image.png","64","https://media.base44.com/images/public/6a39c9aee54efe3a86d6d69a/8a0333ba1_generated_image.png","Escudo de 22 a un aliado y +3 CC propio.","","https://base44.app/api/apps/6a39c9aee54efe3a86d6d69a/files/mp/public/6a39c9aee54efe3a86d6d69a/36b43eb32_card_art.jpg","","50","","https://media.base44.com/images/public/6a39c9aee54efe3a86d6d69a/d60007ad8_generated_image.png","true","fondo negro","El Grande","CC","","5","Otorga un escudo de 14 a un aliado.","","club","","4","18","20","5","Bastión Eterno","","","{""ability_name"":""Wall"",""ability_text"":""Grants a 14 shield to an ally."",""elite_ability_name"":""Eternal Bastion"",""elite_ability_text"":""22 shield to an ally and +3 Melee to self."",""name"":null,""description"":null,""tag"":""club"",""title"":""El Grande""}","","tor","","Muro","#cc3333","10","Camiseta de Blas de Lezo","https://media.base44.com/images/public/6a39c9aee54efe3a86d6d69a/9a9037d37_generated_image.png","Bermellus","Guerreros","8","22","hero","https://base44.app/api/apps/6a39c9aee54efe3a86d6d69a/files/mp/public/6a39c9aee54efe3a86d6d69a/4d6df345f_card_art.jpg","2","","6a3a8416b4f527100b1aa33d","2026-06-23T13:03:18.450000","2026-09-24T09:08:52.072000","service_05f8c27e-8970-4a4e-9d7d-a6b9328a676a","service+05f8c27e-8970-4a4e-9d7d-a6b9328a676a@no-reply.base44.com","false"
"https://media.base44.com/images/public/6a39c9aee54efe3a86d6d69a/0ed4f5865_generated_image.png","46","https://media.base44.com/images/public/6a39c9aee54efe3a86d6d69a/5487d7928_generated_image.png","Ejecuta rivales por debajo de 14 HP.","","https://base44.app/api/apps/6a39c9aee54efe3a86d6d69a/files/mp/public/6a39c9aee54efe3a86d6d69a/27b0f177c_card_art.jpg","","34","","https://media.base44.com/images/public/6a39c9aee54efe3a86d6d69a/a9e52d47c_generated_image.png","true","","El Ejecutor","CC","","6","Ejecuta al instante a un rival por debajo de 8 HP.","","","","4","19","20","7","Ejecución Masiva","","","{""ability_name"":""Decapitation"",""ability_text"":""Instantly execute a rival below 8 HP."",""elite_ability_name"":""Mass Execution"",""elite_ability_text"":""Execute rivals below 14 HP."",""name"":null,""description"":null,""tag"":null,""title"":""The Executor""}","","Undertaker","","Decapitación","#cc3333","4","","https://media.base44.com/images/public/6a39c9aee54efe3a86d6d69a/eb2f30d90_generated_image.png","Undertaker","Guerreros","10","24","hero","https://base44.app/api/apps/6a39c9aee54efe3a86d6d69a/files/mp/public/6a39c9aee54efe3a86d6d69a/bcea5d19e_card_art.jpg","2","","6a3a8416b4f527100b1aa33e","2026-06-23T13:03:18.451000","2026-09-08T20:15:50.446000","service_05f8c27e-8970-4a4e-9d7d-a6b9328a676a","service+05f8c27e-8970-4a4e-9d7d-a6b9328a676a@no-reply.base44.com","false"
"https://media.base44.com/images/public/6a39c9aee54efe3a86d6d69a/777f53902_generated_image.png","50","https://media.base44.com/images/public/6a39c9aee54efe3a86d6d69a/bffdcfebb_generated_image.png","Dos Disparos de ballesta a un rival aleatorio cada uno genera daño po el AD de Llorilomo y paralizan al rival dos turnos","","https://base44.app/api/apps/6a39c9aee54efe3a86d6d69a/files/mp/public/6a39c9aee54efe3a86d6d69a/5d4c692d3_card_art.jpg","","40","","https://media.base44.com/images/public/6a39c9aee54efe3a86d6d69a/585d02ab9_generated_image.png","true","Agrégale el escudo del Fc.Barcelona","Mantas-Master","CC","auto","7","Ráfaga de flechas que golpean a un rival aleatorio y provocan daño según el AD de Llorilomo y paralizan al rival un turno","","L5R","","6","32","60","25","Doble Ballesta","","40","{""ability_name"":""Double Bow"",""ability_text"":""A barrage of arrows strikes a random opponent, dealing damage based on Llorilomo's AD and paralyzing them for one turn."",""elite_ability_name"":""Double Crossbow"",""elite_ability_text"":""Two crossbow bolts hit a random opponent, each dealing damage based on Llorilomo's AD and paralyzing them for two turns."",""name"":null,""description"":null,""tag"":""L5R"",""title"":""Mantas-Master""}","","yoritom","auto","Doble Arco","#cc88ff","10","Montado en un barco pirata.Que le barco pirata salga también en la animación","https://media.base44.com/images/public/6a39c9aee54efe3a86d6d69a/f009c80b6_generated_image.png","Llorilomo","Épicas","30","40","hero","https://base44.app/api/apps/6a39c9aee54efe3a86d6d69a/files/mp/public/6a39c9aee54efe3a86d6d69a/c01bcc8e1_card_art.jpg","4","32","6a3a8416b4f527100b1aa33f","2026-06-23T13:03:18.451000","2026-09-18T09:11:19.421000","service_05f8c27e-8970-4a4e-9d7d-a6b9328a676a","service+05f8c27e-8970-4a4e-9d7d-a6b9328a676a@no-reply.base44.com","false"
"https://media.base44.com/images/public/6a39c9aee54efe3a86d6d69a/2a0b58e00_generated_image.png","62","https://media.base44.com/images/public/6a39c9aee54efe3a86d6d69a/c36cac946_generated_image.png","Cura toda la vida a todo su ejército, incluido él.","","https://base44.app/api/apps/6a39c9aee54efe3a86d6d69a/files/mp/public/6a39c9aee54efe3a86d6d69a/9e43be1e4_card_art.jpg","","48","","https://media.base44.com/images/public/6a39c9aee54efe3a86d6d69a/194913656_generated_image.png","true","Se cura 12 HP, fumándose un pitillo","El Ent Andante","CC","burp","8","Cura toda la vida a un héroe aliado que elija.","","","","6","17","20","5","Árbol Eterno","","","{""ability_name"":""Ancestral Roots"",""ability_text"":""Heal a target allied hero to full health."",""elite_ability_name"":""Eternal Tree"",""elite_ability_text"":""Heal your entire army to full health, including himself."",""name"":null,""description"":null,""tag"":null,""title"":""The Walking Ent""}","","boski","","Raíces Ancestrales","#33aa44","18","Con un matasuegras gigante, ,tabaco de pipa y un globo de colores,fondo oscuro","https://media.base44.com/images/public/6a39c9aee54efe3a86d6d69a/5a631fb6a_generated_image.png","Boskimano","Druidas","8","22","hero","https://base44.app/api/apps/6a39c9aee54efe3a86d6d69a/files/mp/public/6a39c9aee54efe3a86d6d69a/03d2a5fc7_card_art.jpg","4","","6a3a8416b4f527100b1aa340","2026-06-23T13:03:18.451000","2026-09-08T20:10:36.839000","service_05f8c27e-8970-4a4e-9d7d-a6b9328a676a","service+05f8c27e-8970-4a4e-9d7d-a6b9328a676a@no-reply.base44.com","false"
"https://media.base44.com/images/public/6a39c9aee54efe3a86d6d69a/028eaac14_generated_image.png","50","https://media.base44.com/images/public/6a39c9aee54efe3a86d6d69a/d75b838b7_generated_image.png","Golpe que ignora todo y reduce HP máx del rival.","","https://media.base44.com/images/public/6a39c9aee54efe3a86d6d69a/9438ac0de_generated_image.png","false","38","","https://media.base44.com/images/public/6a39c9aee54efe3a86d6d69a/3c7737f02_generated_image.png","","Jugando con una pelota de futbol , y con un cono en la cabeza y escribiendo en una pizarra","Judas Prieto","CC","ride","9","Golpe CC que IGNORA armadura y escudos.","","","","5","24","25","5","Forma Espectral","","22","{""ability_name"":""Phase Through"",""ability_text"":""Melee strike that IGNORES armor and shields."",""elite_ability_name"":""Spectral Form"",""elite_ability_text"":""Strike that ignores everything and reduces the opponent's max HP."",""name"":null,""description"":null,""tag"":null,""title"":""White Ghost""}","true","painkil","","Atravesar","#7a2a8a","13","Surfeando olas encima una tabla de surf","https://media.base44.com/images/public/6a39c9aee54efe3a86d6d69a/939e97c0c_generated_image.png","KillerLin","No-muertos","8","28","hero","https://base44.app/api/apps/6a39c9aee54efe3a86d6d69a/files/mp/public/6a39c9aee54efe3a86d6d69a/99ac17936_card_art.jpg","3","20","6a3a8416b4f527100b1aa341","2026-06-23T13:03:18.451000","2026-10-01T19:53:19.052000","service_05f8c27e-8970-4a4e-9d7d-a6b9328a676a","service+05f8c27e-8970-4a4e-9d7d-a6b9328a676a@no-reply.base44.com","false"
"https://media.base44.com/images/public/6a39c9aee54efe3a86d6d69a/ee85ff89a_generated_image.png","46","https://media.base44.com/images/public/6a39c9aee54efe3a86d6d69a/7f659257c_generated_image.png","Golpe que roba toda la vida infligida y +3 CC.","","https://media.base44.com/images/public/6a39c9aee54efe3a86d6d69a/44d09cf98_generated_image.png","","34","","https://media.base44.com/images/public/6a39c9aee54efe3a86d6d69a/e995a10e1_generated_image.png","","Que lleve una guadaña pequeñita , como de caramelo","El Devorador","CC","","10","Golpe que roba vida (cura la mitad del daño).","","","","6","18","18","4","Festín de Almas","","","{""ability_name"":""Dark Absorption"",""ability_text"":""Strike that steals life (heals half the damage)."",""elite_ability_name"":""Soul Feast"",""elite_ability_text"":""Strike that steals all damage dealt and +3 CC."",""name"":null,""description"":null,""tag"":null,""title"":""The Devourer""}","","mor","","Absorción Oscura","#7a2a8a","13","Que la guadaña se más grande y de acero, dale má angulo a la guadaña y qeu se mueva, no le pongas el texto,giralo 200 grados","https://media.base44.com/images/public/6a39c9aee54efe3a86d6d69a/cf0405440_generated_image.png","Morthex","No-muertos","6","23","hero","https://media.base44.com/images/public/6a39c9aee54efe3a86d6d69a/8da13d36f_generated_image.png","4","","6a3a8416b4f527100b1aa342","2026-06-23T13:03:18.451000","2026-09-09T11:22:01.871000","service_05f8c27e-8970-4a4e-9d7d-a6b9328a676a","service+05f8c27e-8970-4a4e-9d7d-a6b9328a676a@no-reply.base44.com","false"
"https://media.base44.com/images/public/6a39c9aee54efe3a86d6d69a/7a7259187_generated_image.png","50","https://media.base44.com/images/public/6a39c9aee54efe3a86d6d69a/e90147012_generated_image.png","Ataque cuerpo a cuerpo (usa su CC): hace DOBLE daño si al rival le queda menos del 60% de su vida.","","https://base44.app/api/apps/6a39c9aee54efe3a86d6d69a/files/mp/public/6a39c9aee54efe3a86d6d69a/89aad3d6b_card_art.jpg","","38","","https://media.base44.com/images/public/6a39c9aee54efe3a86d6d69a/c8ad12798_generated_image.png","true","Vapeando y chafando con su bota un chicle enorme","Mariscal de Acero","CC","","11","Ataque cuerpo a cuerpo (usa su CC): hace DOBLE daño si al rival le queda menos del 40% de su vida.","","","","4","20","20","6","Exterminio","","","{""ability_name"":""Crush"",""ability_text"":""Melee attack (uses his CC): deals DOUBLE damage if the rival has less than 40% HP left."",""elite_ability_name"":""Extermination"",""elite_ability_text"":""Melee attack (uses his CC): deals DOUBLE damage if the rival has less than 60% HP left."",""name"":null,""description"":null,""tag"":null,""title"":""Steel Marshal""}","","vap","","Aplastamiento","#C9A227","4","Exterminando mosas con un matamosacas, mientras fuma en pipa como la del detective watson,que se vea movimiento del matamoscas y salgan moscas, quita el texto,fondo oscuro,dale mas movimiento","https://media.base44.com/images/public/6a39c9aee54efe3a86d6d69a/0662563c5_generated_image.png","Vap Rogers","Vaqueros","9","26","hero","https://base44.app/api/apps/6a39c9aee54efe3a86d6d69a/files/mp/public/6a39c9aee54efe3a86d6d69a/4745b52a0_card_art.jpg","2","","6a3a8416b4f527100b1aa343","2026-06-23T13:03:18.451000","2026-09-09T11:25:24.742000","service_05f8c27e-8970-4a4e-9d7d-a6b9328a676a","service+05f8c27e-8970-4a4e-9d7d-a6b9328a676a@no-reply.base44.com","false"
"https://media.base44.com/images/public/6a39c9aee54efe3a86d6d69a/67dbc39fb_generated_image.png","40","https://media.base44.com/images/public/6a39c9aee54efe3a86d6d69a/70ab16a53_generated_image.png","Esquiva 2 ataques y +5 al siguiente golpe.","","https://base44.app/api/apps/6a39c9aee54efe3a86d6d69a/files/mp/public/6a39c9aee54efe3a86d6d69a/152effcd4_card_art.jpg","true","35","","https://media.base44.com/images/public/6a39c9aee54efe3a86d6d69a/59122eed9_generated_image.png","true","","Asesina de la Nebulosa","CC","","12","Se vuelve evasiva: esquiva el próximo ataque recibido.","","club","","7","28","16","8","Sombra Cuántica","","31","{""ability_name"":""Quantum Stealth"",""ability_text"":""Becomes evasive: dodge the next incoming attack."",""elite_ability_name"":""Quantum Shadow"",""elite_ability_text"":""Dodge 2 attacks and +5 to the next hit."",""name"":null,""description"":null,""tag"":""club"",""title"":""Nebula Assassin""}","","hannai","","Sigilo Cuántico","#C9A227","10","","https://media.base44.com/images/public/6a39c9aee54efe3a86d6d69a/2f8772e24_generated_image.png","Hannai Boa","Vaqueros","11","31","hero","https://base44.app/api/apps/6a39c9aee54efe3a86d6d69a/files/mp/public/6a39c9aee54efe3a86d6d69a/41179381a_card_art.jpg","5","28","6a3a8416b4f527100b1aa344","2026-06-23T13:03:18.451000","2026-09-24T09:10:59.041000","service_05f8c27e-8970-4a4e-9d7d-a6b9328a676a","service+05f8c27e-8970-4a4e-9d7d-a6b9328a676a@no-reply.base44.com","false"
"https://media.base44.com/images/public/6a39c9aee54efe3a86d6d69a/71d4938b2_generated_image.png","66","https://media.base44.com/images/public/6a39c9aee54efe3a86d6d69a/8f80f84d5_generated_image.png","Golpe imbloqueable que daña a dos objetivos.","","https://media.base44.com/images/public/6a39c9aee54efe3a86d6d69a/d31d5f27b_generated_image.png","","52","","https://media.base44.com/images/public/6a39c9aee54efe3a86d6d69a/2fb75f083_generated_image.png","true","Golpe CC imposible de bloquear o reducir. Añadele una bola de dragón","Maestro Infulero","CC","","13","Golpe CC imposible de bloquear o reducir.","","club","true","5","24","45","7","Aniquilación","","","{""ability_name"":""Devastation"",""ability_text"":""Melee strike that cannot be blocked or reduced."",""elite_ability_name"":""Annihilation"",""elite_ability_text"":""Unblockable strike that deals damage to two targets."",""name"":null,""description"":null,""tag"":""club"",""title"":""Maestro Infulero""}","","kre","","Devastación","#cc88ff","15","Golpe imbloqueable que daña a dos objetivos.Que salga montado en el gdragón Sheron (el de la serie anime Dragonball)","https://media.base44.com/images/public/6a39c9aee54efe3a86d6d69a/b67242b65_generated_image.png","KrunderKrak","Épicas","10","30","hero","https://media.base44.com/images/public/6a39c9aee54efe3a86d6d69a/8597b20d0_generated_image.png","3","","6a3a8416b4f527100b1aa345","2026-06-23T13:03:18.451000","2026-09-18T10:12:56.017000","service_05f8c27e-8970-4a4e-9d7d-a6b9328a676a","service+05f8c27e-8970-4a4e-9d7d-a6b9328a676a@no-reply.base44.com","false"
"https://media.base44.com/images/public/6a39c9aee54efe3a86d6d69a/713b1d30d_generated_image.png","54","https://media.base44.com/images/public/6a39c9aee54efe3a86d6d69a/104e2f355_generated_image.png","Golpe a todos +5 y aturde 1 turno.","","https://media.base44.com/images/public/6a39c9aee54efe3a86d6d69a/45ce0f135_generated_image.png","","40","","https://media.base44.com/images/public/6a39c9aee54efe3a86d6d69a/cbcb45934_generated_image.png","","que salga ya con la cabeza agachada y el pelo al viento y haga cabeceo de metal","Dios del Metal","CC","","14","Onda sónica: golpe CC a todos los rivales.","","","true","4","21","48","7","Wall of Death","","","{""ability_name"":""Headbang"",""ability_text"":""Sonic wave: CC strike to all rivals."",""elite_ability_name"":""Wall of Death"",""elite_ability_text"":""Strike to all +5 and stun 1 turn."",""name"":null,""description"":null,""tag"":null,""title"":""God of Metal""}","","hev","","Headbang","#cc88ff","15","que haga el símbolo de los cuernos , metal y rock por un tubo","https://media.base44.com/images/public/6a39c9aee54efe3a86d6d69a/eebe3929a_generated_image.png","El Heavy","Épicas","9","27","hero","https://media.base44.com/images/public/6a39c9aee54efe3a86d6d69a/0fb2d9ce0_generated_image.png","3","","6a3a8416b4f527100b1aa346","2026-06-23T13:03:18.451000","2026-09-09T15:17:59.683000","service_05f8c27e-8970-4a4e-9d7d-a6b9328a676a","service+05f8c27e-8970-4a4e-9d7d-a6b9328a676a@no-reply.base44.com","false"
"https://media.base44.com/images/public/6a39c9aee54efe3a86d6d69a/12e65fb5d_generated_image.png","48","https://media.base44.com/images/public/6a39c9aee54efe3a86d6d69a/52cbf367b_generated_image.png","'-6 a todos los rivales y +3 CC propio.","","https://media.base44.com/images/public/6a39c9aee54efe3a86d6d69a/5cc21af85_generated_image.png","","36","","https://media.base44.com/images/public/6a39c9aee54efe3a86d6d69a/02fd384c3_generated_image.png","","Un pijo sentado en un wc de oro y echándose cremita","Heredero Universal","CC","","15","Humilla al rival: -4 a todos sus stats 2 turnos.","","","","5","18","16","7","Élite Total","","","{""ability_name"":""Show-off"",""ability_text"":""Humiliates the rival: -4 to all their stats 2 turns."",""elite_ability_name"":""Total Elite"",""elite_ability_text"":""-6 to all rivals and +3 CC self."",""name"":""The Posh Kid"",""description"":null,""tag"":null,""title"":""Universal Heir""}","","pij","","Postureo","#e0498b","13","Peninandose ccon una alfombrilla del wc y con bambas nike rosas y meando colonia","https://media.base44.com/images/public/6a39c9aee54efe3a86d6d69a/32b100c30_generated_image.png","El Pijo","Cotidianos","10","24","hero","https://media.base44.com/images/public/6a39c9aee54efe3a86d6d69a/2077cf040_generated_image.png","3","","6a3a8416b4f527100b1aa347","2026-06-23T13:03:18.451000","2026-09-09T11:30:54.692000","service_05f8c27e-8970-4a4e-9d7d-a6b9328a676a","service+05f8c27e-8970-4a4e-9d7d-a6b9328a676a@no-reply.base44.com","false"
"https://media.base44.com/images/public/6a39c9aee54efe3a86d6d69a/805b6dfec_generated_image.png","34","https://media.base44.com/images/public/6a39c9aee54efe3a86d6d69a/76591f2db_generated_image.png","Disparo que ignora toda la defensa y atraviesa.","","https://base44.app/api/apps/6a39c9aee54efe3a86d6d69a/files/mp/public/6a39c9aee54efe3a86d6d69a/ef479a60a_card_art.jpg","","24","","https://media.base44.com/images/public/6a39c9aee54efe3a86d6d69a/4ea3121fc_generated_image.png","","añadele unas chuches","El Arquetipo","AD","","16","Disparo que ignora media defensa del objetivo.","","club","","8","5","20","20","Flecha Infalible","","","{""ability_name"":""Guided Arrow"",""ability_text"":""A shot that ignores half of the target's shield."",""elite_ability_name"":""Infallible Arrow"",""elite_ability_text"":""A shot that ignores all shield and pierces through."",""name"":null,""description"":null,""tag"":""club"",""title"":""The Archetype""}","","pat","","Flecha Guiada","#33aa66","19","añadele una madalena y un bollo","https://media.base44.com/images/public/6a39c9aee54efe3a86d6d69a/baefb29ed_generated_image.png","Patrón","Elfos","26","8","hero","https://base44.app/api/apps/6a39c9aee54efe3a86d6d69a/files/mp/public/6a39c9aee54efe3a86d6d69a/c3421dde6_card_art.jpg","6","","6a3a8416b4f527100b1aa348","2026-06-23T13:03:18.451000","2026-09-18T10:13:14.606000","service_05f8c27e-8970-4a4e-9d7d-a6b9328a676a","service+05f8c27e-8970-4a4e-9d7d-a6b9328a676a@no-reply.base44.com","false"
"https://media.base44.com/images/public/6a39c9aee54efe3a86d6d69a/3f59b4fdb_generated_image.png","32","https://media.base44.com/images/public/6a39c9aee54efe3a86d6d69a/b68de1d8e_generated_image.png","Disparo a todos +daño y -2 AD a cada uno.","","https://base44.app/api/apps/6a39c9aee54efe3a86d6d69a/files/mp/public/6a39c9aee54efe3a86d6d69a/d06ece318_card_art.jpg","","22","","https://media.base44.com/images/public/6a39c9aee54efe3a86d6d69a/40de00f51_generated_image.png","","Que también salga el pitufito tirando una flecha con un arco nerf","Legendary Archer","AD","","17","Disparo a TODOS los rivales.","","L5R","","9","4","18","18","Tormenta de Flechas","","","{""ability_name"":""Rain of Arrows"",""ability_text"":""Deals damage to ALL enemies."",""elite_ability_name"":""Storm of Arrows"",""elite_ability_text"":""Deals damage to all + bonus damage and -2 AD to each."",""name"":null,""description"":null,""tag"":""L5R"",""title"":""Legendary Archer""}","true","tsuru","","Lluvia de Flechas","#33aa66","19","Borra el texto, y añade la mantis que tire flechas con una ballesta,fondo negro, y red smurf una piedra con un tirachinas, y el fox tirando con una pistola de agua","https://media.base44.com/images/public/6a39c9aee54efe3a86d6d69a/445702077_generated_image.png","Surucho","Elfos","24","6","hero","https://base44.app/api/apps/6a39c9aee54efe3a86d6d69a/files/mp/public/6a39c9aee54efe3a86d6d69a/e48a558f1_card_art.jpg","7","","6a3a8416b4f527100b1aa349","2026-06-23T13:03:18.451000","2026-09-18T08:58:18.278000","service_05f8c27e-8970-4a4e-9d7d-a6b9328a676a","service+05f8c27e-8970-4a4e-9d7d-a6b9328a676a@no-reply.base44.com","false"
"https://media.base44.com/images/public/6a39c9aee54efe3a86d6d69a/00e8e4321_generated_image.png","30","https://media.base44.com/images/public/6a39c9aee54efe3a86d6d69a/96e34669e_generated_image.png","Marca persistente con +8 de daño extra.","","https://base44.app/api/apps/6a39c9aee54efe3a86d6d69a/files/mp/public/6a39c9aee54efe3a86d6d69a/a742626d5_card_art.jpg","","20","","https://media.base44.com/images/public/6a39c9aee54efe3a86d6d69a/15cedc23d_generated_image.png","true","fondo negro","El Explorador","AD","","18","Marca a un rival: recibe +5 de daño de cualquier fuente.","","","","9","5","15","16","Marca Permanente","","","{""ability_name"":""Hunter's Mark"",""ability_text"":""Marks a rival: receives +5 damage from any source."",""elite_ability_name"":""Permanent Mark"",""elite_ability_text"":""Persistent mark with +8 extra damage."",""name"":null,""description"":null,""tag"":null,""title"":""The Explorer""}","","elder","","Marca del Cazador","#33aa66","19","que salga tomando un chupito de piruleta","https://media.base44.com/images/public/6a39c9aee54efe3a86d6d69a/5489e83fc_generated_image.png","Elderbar","Elfos","22","7","hero","https://base44.app/api/apps/6a39c9aee54efe3a86d6d69a/files/mp/public/6a39c9aee54efe3a86d6d69a/9d050c0b0_card_art.jpg","7","","6a3a8416b4f527100b1aa34a","2026-06-23T13:03:18.451000","2026-09-09T11:39:09.237000","service_05f8c27e-8970-4a4e-9d7d-a6b9328a676a","service+05f8c27e-8970-4a4e-9d7d-a6b9328a676a@no-reply.base44.com","false"
"https://media.base44.com/images/public/6a39c9aee54efe3a86d6d69a/76fe0b74e_generated_image.png","32","https://media.base44.com/images/public/6a39c9aee54efe3a86d6d69a/5ae5d65cf_generated_image.png","Su pelo se eriza y brilla con un aura dorada: dispara dos veces con una fuerza descomunal digna de leyenda (aunque solo le dura el combate).","","https://media.base44.com/images/public/6a39c9aee54efe3a86d6d69a/d2ea825f7_generated_image.png","","22","","https://media.base44.com/images/public/6a39c9aee54efe3a86d6d69a/d81374813_generated_image.png","","","Sombra del Claro","AD","fly","19","Dispara de inmediato, no puede ser bloqueado.","","club","","7","6","16","17","Modo Guerrera Definitiva","","","{""ability_name"":""Silent Shot"",""ability_text"":""Immediately fire an AD attack; this cannot be blocked."",""elite_ability_name"":""Ultimate Warrior Mode"",""elite_ability_text"":""Her hair stands on end, glowing with a golden aura: fire twice with legendary, crushing force (only lasts for the duration of the combat)."",""name"":null,""description"":null,""tag"":""club"",""title"":""Sombra del Claro""}","","zar","","Disparo Silencioso","#33aa66","19","sin texto","https://media.base44.com/images/public/6a39c9aee54efe3a86d6d69a/9be243c1b_generated_image.png","Zarmanda","Elfos","23","8","hero","https://media.base44.com/images/public/6a39c9aee54efe3a86d6d69a/0f4e74e0d_generated_image.png","5","","6a3a8416b4f527100b1aa34b","2026-06-23T13:03:18.451000","2026-09-18T10:13:32.171000","service_05f8c27e-8970-4a4e-9d7d-a6b9328a676a","service+05f8c27e-8970-4a4e-9d7d-a6b9328a676a@no-reply.base44.com","false"
"https://media.base44.com/images/public/6a39c9aee54efe3a86d6d69a/cb6b7a71d_generated_image.png","40","https://media.base44.com/images/public/6a39c9aee54efe3a86d6d69a/9b94e8b3d_generated_image.png","Con la ayuda de un Dragón del lego que ilumina el campo de batalla. Quita el arma a un héroe enemigo aleatorio de los que queden vivos y desaparece.","","https://media.base44.com/images/public/6a39c9aee54efe3a86d6d69a/75cef76aa_generated_image.png","","30","","https://media.base44.com/images/public/6a39c9aee54efe3a86d6d69a/7ca072198_generated_image.png","true","Crea un dragoncito de peluche que ataca a todos los héroes del ejército y desaparece","Madre de dragoncitos","AD","zoom_out","20","Con la ayuda de un dragoncito de peluche que ataca a todos los héroes del ejército con 10 de daño de fuego y desaparece","","L5R","","8","6","30","20","Tormento Dragonil","","25","{""ability_name"":""Follower's Burst"",""ability_text"":""With the aid of a plushie dragon that attacks all heroes in the army for 10 fire damage and vanishes."",""elite_ability_name"":""Draconic Torment"",""elite_ability_text"":""With the aid of a Lego Dragon that illuminates the battlefield. Disarm one random surviving enemy hero and vanish."",""name"":null,""description"":null,""tag"":""L5R"",""title"":""Mother of Tiny Dragons""}","true","motoma","zoom_out","Ráfaga del Seguidor","#33aa44","24","Invoca un Dragón del lego que Ilumina el campo de batalla. Quita todas las armas de los héroes rivales y desaparece.","https://media.base44.com/images/public/6a39c9aee54efe3a86d6d69a/c7c7b09b9_generated_image.png","Motomami","Druidas","30","8","hero","https://media.base44.com/images/public/6a39c9aee54efe3a86d6d69a/59e41ce05_generated_image.png","6","20","6a3a8416b4f527100b1aa34c","2026-06-23T13:03:18.451000","2026-09-18T08:55:55.396000","service_05f8c27e-8970-4a4e-9d7d-a6b9328a676a","service+05f8c27e-8970-4a4e-9d7d-a6b9328a676a@no-reply.base44.com","false"
"https://media.base44.com/images/public/6a39c9aee54efe3a86d6d69a/023cc6c0a_generated_image.png","38","https://media.base44.com/images/public/6a39c9aee54efe3a86d6d69a/95146ea6f_generated_image.png","Ambos disparos a plena potencia.","","https://base44.app/api/apps/6a39c9aee54efe3a86d6d69a/files/mp/public/6a39c9aee54efe3a86d6d69a/af980e714_card_art.jpg","","28","","https://media.base44.com/images/public/6a39c9aee54efe3a86d6d69a/3da56d74a_generated_image.png","true","","El Pistolero de Orión","AD","","21","Dispara DOS veces (2º a -3 de potencia).","","club","","6","6","17","16","Disparo Perfecto","","","{""ability_name"":""Double Tap"",""ability_text"":""Shoot TWICE (2nd shot at -3 power)."",""elite_ability_name"":""Perfect Shot"",""elite_ability_text"":""Both shots at full power."",""name"":null,""description"":null,""tag"":""club"",""title"":""Orion's Gunslinger""}","","alf","","Doble Disparo","#C9A227","10","","https://media.base44.com/images/public/6a39c9aee54efe3a86d6d69a/0999db505_generated_image.png","Alfredinho","Vaqueros","22","8","hero","https://base44.app/api/apps/6a39c9aee54efe3a86d6d69a/files/mp/public/6a39c9aee54efe3a86d6d69a/5db60a96b_card_art.jpg","4","","6a3a8416b4f527100b1aa34d","2026-06-23T13:03:18.451000","2026-09-18T10:13:54.739000","service_05f8c27e-8970-4a4e-9d7d-a6b9328a676a","service+05f8c27e-8970-4a4e-9d7d-a6b9328a676a@no-reply.base44.com","false"
"https://media.base44.com/images/public/6a39c9aee54efe3a86d6d69a/3e735baa6_generated_image.png","32","https://media.base44.com/images/public/6a39c9aee54efe3a86d6d69a/c7c727d9b_generated_image.png","Disparo que ignora equipo y pega al 50% de vida.","","https://base44.app/api/apps/6a39c9aee54efe3a86d6d69a/files/mp/public/6a39c9aee54efe3a86d6d69a/e7cf944e9_card_art.jpg","","22","","https://media.base44.com/images/public/6a39c9aee54efe3a86d6d69a/650bfc989_generated_image.png","true","montada en un seat 600","Francotiradora Estelar","AD","ride","22","Disparo que ignora la armadura defensiva del objetivo.","","","","6","4","14","19","Punto Vital","","","{""ability_name"":""Weak Point"",""ability_text"":""Shot that ignores the target's defensive armor."",""elite_ability_name"":""Vital Point"",""elite_ability_text"":""Shot that ignores equipment and hits at 50% life."",""name"":null,""description"":null,""tag"":null,""title"":""Stellar Sniper""}","","dix","","Punto Débil","#C9A227","10","montada encima del techo coche marca Ferrari f40","https://media.base44.com/images/public/6a39c9aee54efe3a86d6d69a/fb0254622_generated_image.png","Dixie Plasma","Vaqueros","25","6","hero","https://base44.app/api/apps/6a39c9aee54efe3a86d6d69a/files/mp/public/6a39c9aee54efe3a86d6d69a/7747512af_card_art.jpg","4","","6a3a8416b4f527100b1aa34e","2026-06-23T13:03:18.451000","2026-09-09T11:45:09.687000","service_05f8c27e-8970-4a4e-9d7d-a6b9328a676a","service+05f8c27e-8970-4a4e-9d7d-a6b9328a676a@no-reply.base44.com","false"
"https://media.base44.com/images/public/6a39c9aee54efe3a86d6d69a/c7b1246df_generated_image.png","32","https://media.base44.com/images/public/6a39c9aee54efe3a86d6d69a/333143f28_generated_image.png","Todos los rivales -6 a todos sus stats durante 2 turnos.","","https://media.base44.com/images/public/6a39c9aee54efe3a86d6d69a/85fcc4f77_generated_image.png","","22","","https://media.base44.com/images/public/6a39c9aee54efe3a86d6d69a/e9ada479e_generated_image.png","","añadele tomates por el fondo,sin texto","La Banshee Gritos","AD","dance","23","Todos los rivales -4 a todos sus stats 1 turno.","","","","9","4","16","15","Alarido Eterno","","","{""ability_name"":""Void Scream"",""ability_text"":""All rivals -4 to all stats for 1 turn."",""elite_ability_name"":""Eternal Wail"",""elite_ability_text"":""All rivals -6 to all stats for 2 turns."",""name"":null,""description"":null,""tag"":null,""title"":""La Banshee Gritos""}","","ska","dance","Grito del Vacío","#7a2a8a","19","añadele claveles en el fondo","https://media.base44.com/images/public/6a39c9aee54efe3a86d6d69a/21b36a7f8_generated_image.png","Skarla Gritanson","No-muertos","20","6","hero","https://media.base44.com/images/public/6a39c9aee54efe3a86d6d69a/7ada7e4d4_generated_image.png","7","","6a3a8416b4f527100b1aa34f","2026-06-23T13:03:18.451000","2026-09-09T11:49:02.797000","service_05f8c27e-8970-4a4e-9d7d-a6b9328a676a","service+05f8c27e-8970-4a4e-9d7d-a6b9328a676a@no-reply.base44.com","false"
"https://media.base44.com/images/public/6a39c9aee54efe3a86d6d69a/d95c273cf_generated_image.png","40","https://media.base44.com/images/public/6a39c9aee54efe3a86d6d69a/21b96f7c7_generated_image.png","'+6 a todos sus stats y cura 10.","","https://media.base44.com/images/public/6a39c9aee54efe3a86d6d69a/ff652a33d_generated_image.png","","28","","https://media.base44.com/images/public/6a39c9aee54efe3a86d6d69a/83a4d6985_generated_image.png","","Copia y mejora: +4 a todos sus stats este combate.","La Quimera Digital","AD","","24","Copia y mejora: +4 a todos sus stats este combate.","","","","9","6","43","19","Evolución Suprema","","","{""ability_name"":""Mutation"",""ability_text"":""Copy and upgrade: +4 to all their stats this combat."",""elite_ability_name"":""Supreme Evolution"",""elite_ability_text"":""+6 to all their stats and heals 10."",""name"":null,""description"":null,""tag"":null,""title"":""The Digital Chimera""}","","syx","","Mutación","#cc88ff","21","Metralleta de plasma qeu es su brazo, qeu salga disparando el plasma","https://media.base44.com/images/public/6a39c9aee54efe3a86d6d69a/b7f2d0e5b_generated_image.png","Sylycon Messiah","Épicas","25","8","hero","https://media.base44.com/images/public/6a39c9aee54efe3a86d6d69a/0e34ca88f_generated_image.png","7","","6a3a8416b4f527100b1aa350","2026-06-23T13:03:18.451000","2026-09-09T11:50:30.855000","service_05f8c27e-8970-4a4e-9d7d-a6b9328a676a","service+05f8c27e-8970-4a4e-9d7d-a6b9328a676a@no-reply.base44.com","false"
"https://media.base44.com/images/public/6a39c9aee54efe3a86d6d69a/ca5858153_generated_image.png","52","https://media.base44.com/images/public/6a39c9aee54efe3a86d6d69a/2b21e2f69_generated_image.png","Disparo a todos con daño aumentado.","","https://media.base44.com/images/public/6a39c9aee54efe3a86d6d69a/a5bde0e30_generated_image.png","","38","","https://media.base44.com/images/public/6a39c9aee54efe3a86d6d69a/5a8fca625_generated_image.png","","cabeceo + notas + luces de escenario","El Leviatán Estelar","AD","","25","Disparo a todos los rivales.","","","","7","7","44","20","Devastación Orbital","","","{""ability_name"":""Impact Wave"",""ability_text"":""Shot to all rivals."",""elite_ability_name"":""Orbital Devastation"",""elite_ability_text"":""Shot to all with increased damage."",""name"":null,""description"":null,""tag"":null,""title"":""The Star Leviathan""}","","gor","","Onda de Impacto","#cc88ff","21","comer paella","https://media.base44.com/images/public/6a39c9aee54efe3a86d6d69a/99594065a_generated_image.png","Gorvak","Épicas","26","9","hero","https://media.base44.com/images/public/6a39c9aee54efe3a86d6d69a/1638ad7c5_generated_image.png","5","","6a3a8416b4f527100b1aa351","2026-06-23T13:03:18.451000","2026-09-09T11:51:25.848000","service_05f8c27e-8970-4a4e-9d7d-a6b9328a676a","service+05f8c27e-8970-4a4e-9d7d-a6b9328a676a@no-reply.base44.com","false"
"https://media.base44.com/images/public/6a39c9aee54efe3a86d6d69a/c496ee9cb_generated_image.png","36","https://media.base44.com/images/public/6a39c9aee54efe3a86d6d69a/37644e0d0_generated_image.png","Disparo demoledor que ignora defensa.","","https://base44.app/api/apps/6a39c9aee54efe3a86d6d69a/files/mp/public/6a39c9aee54efe3a86d6d69a/a48a9e5c1_card_art.jpg","true","26","","https://media.base44.com/images/public/6a39c9aee54efe3a86d6d69a/7c772e0b9_generated_image.png","true","","La Estrella","AD","","26","Disparo cargado: gran daño a un objetivo.","","","","6","6","18","18","Chilena Estelar","","","{""ability_name"":""Free Kick"",""ability_text"":""Charged shot: heavy damage to one target."",""elite_ability_name"":""Star Bicycle Kick"",""elite_ability_text"":""Crushing shot that ignores defense."",""name"":""The Footballer"",""description"":null,""tag"":null,""title"":""The Star""}","","fut","","Tiro Libre","#e0498b","19","","https://media.base44.com/images/public/6a39c9aee54efe3a86d6d69a/07c326504_generated_image.png","El Futbolista","Cotidianos","24","8","hero","https://base44.app/api/apps/6a39c9aee54efe3a86d6d69a/files/mp/public/6a39c9aee54efe3a86d6d69a/8050d17fa_card_art.jpg","4","","6a3a8416b4f527100b1aa352","2026-06-23T13:03:18.451000","2026-09-09T11:58:27.350000","service_05f8c27e-8970-4a4e-9d7d-a6b9328a676a","service+05f8c27e-8970-4a4e-9d7d-a6b9328a676a@no-reply.base44.com","false"
"https://media.base44.com/images/public/6a39c9aee54efe3a86d6d69a/59e19d280_generated_image.png","32","https://media.base44.com/images/public/6a39c9aee54efe3a86d6d69a/13266939b_generated_image.png","Disparo crítico que ignora todo el equipo.","","https://base44.app/api/apps/6a39c9aee54efe3a86d6d69a/files/mp/public/6a39c9aee54efe3a86d6d69a/57b4b1fbb_card_art.jpg","","22","","https://media.base44.com/images/public/6a39c9aee54efe3a86d6d69a/58776f871_generated_image.png","true","","Pro Player","AD","","27","Disparo crítico de precisión letal.","","","","7","4","16","19","Aimbot","","","{""ability_name"":""Headshot"",""ability_text"":""Critical shot of lethal precision."",""elite_ability_name"":""Aimbot"",""elite_ability_text"":""Critical shot that ignores all equipment."",""name"":""The Gamer"",""description"":null,""tag"":null,""title"":""Pro Player""}","","gam","","Headshot","#e0498b","19","","https://media.base44.com/images/public/6a39c9aee54efe3a86d6d69a/67b455a2e_generated_image.png","El Gamer","Cotidianos","25","6","hero","https://base44.app/api/apps/6a39c9aee54efe3a86d6d69a/files/mp/public/6a39c9aee54efe3a86d6d69a/6004b3aa9_card_art.jpg","5","","6a3a8416b4f527100b1aa353","2026-06-23T13:03:18.451000","2026-09-09T11:59:27.358000","service_05f8c27e-8970-4a4e-9d7d-a6b9328a676a","service+05f8c27e-8970-4a4e-9d7d-a6b9328a676a@no-reply.base44.com","false"
"https://media.base44.com/images/public/6a39c9aee54efe3a86d6d69a/f156f6169_generated_image.png","28","https://media.base44.com/images/public/6a39c9aee54efe3a86d6d69a/2ca9bc580_generated_image.png","Golpe mágico que se repite en dos rivales.","","https://base44.app/api/apps/6a39c9aee54efe3a86d6d69a/files/mp/public/6a39c9aee54efe3a86d6d69a/75528fea7_card_art.jpg","","20","","https://media.base44.com/images/public/6a39c9aee54efe3a86d6d69a/e179830c9_generated_image.png","true","fondo negro,añade una muñequera heavymetalera","El Oráculo Digital","HE","","28","Golpe mágico potente a un objetivo.","","club","","28","3","21","5","Bucle Temporal","","","{""ability_name"":""Arcane Paradox"",""ability_text"":""A powerful Sorcery strike to one target."",""elite_ability_name"":""Time Loop"",""elite_ability_text"":""A Sorcery strike that repeats on two rivals."",""name"":null,""description"":null,""tag"":""club"",""title"":""The Digital Oracle""}","","ret","","Paradoja Arcana","#6644cc","44","","https://media.base44.com/images/public/6a39c9aee54efe3a86d6d69a/103e636d5_generated_image.png","Retropoeta","Magos","7","5","hero","https://base44.app/api/apps/6a39c9aee54efe3a86d6d69a/files/mp/public/6a39c9aee54efe3a86d6d69a/9134d18fa_card_art.jpg","22","","6a3a8416b4f527100b1aa354","2026-06-23T13:03:18.451000","2026-09-18T10:14:22.328000","service_05f8c27e-8970-4a4e-9d7d-a6b9328a676a","service+05f8c27e-8970-4a4e-9d7d-a6b9328a676a@no-reply.base44.com","false"
"https://media.base44.com/images/public/6a39c9aee54efe3a86d6d69a/8e31721d1_generated_image.png","26","https://media.base44.com/images/public/6a39c9aee54efe3a86d6d69a/deac0f4f5_generated_image.png","Daño mágico masivo a todos y silencio 1 turno.","","https://base44.app/api/apps/6a39c9aee54efe3a86d6d69a/files/mp/public/6a39c9aee54efe3a86d6d69a/3b9b29870_card_art.jpg","","18","","https://media.base44.com/images/public/6a39c9aee54efe3a86d6d69a/121b8b0ab_generated_image.png","true","sin texto","Archimago del Vacío","HE","eat","29","Daño mágico a TODOS los rivales.","","","","30","2","23","4","Apocalipsis","","","{""ability_name"":""Magic Storm"",""ability_text"":""Magic damage to ALL rivals."",""elite_ability_name"":""Apocalypse"",""elite_ability_text"":""Massive magic damage to all and silence 1 turn."",""name"":null,""description"":null,""tag"":null,""title"":""Archmage of the Void""}","","mal","tornado","Tormenta Mágica","#6644cc","44","fondo negro","https://media.base44.com/images/public/6a39c9aee54efe3a86d6d69a/ecfb0b112_generated_image.png","Malallet","Magos","6","4","hero","https://base44.app/api/apps/6a39c9aee54efe3a86d6d69a/files/mp/public/6a39c9aee54efe3a86d6d69a/1e4295406_card_art.jpg","24","","6a3a8416b4f527100b1aa355","2026-06-23T13:03:18.451000","2026-09-09T11:57:34.823000","service_05f8c27e-8970-4a4e-9d7d-a6b9328a676a","service+05f8c27e-8970-4a4e-9d7d-a6b9328a676a@no-reply.base44.com","false"
"https://media.base44.com/images/public/6a39c9aee54efe3a86d6d69a/fbfb049eb_generated_image.png","27","https://media.base44.com/images/public/6a39c9aee54efe3a86d6d69a/0c25c5ec9_generated_image.png","Golpe mágico e invierte stats de dos rivales.","","https://media.base44.com/images/public/6a39c9aee54efe3a86d6d69a/59aed8957_generated_image.png","","19","","https://media.base44.com/images/public/6a39c9aee54efe3a86d6d69a/57026f5bc_generated_image.png","","añade una ovejita de lana","Tejedor de Realidades","HE","","30","Golpe mágico que además intercambia CC y HE del rival.","","","","26","3","19","5","Inversión Total","","","{""ability_name"":""Inversion"",""ability_text"":""Magic strike that also swaps rival CC and HE."",""elite_ability_name"":""Total Inversion"",""elite_ability_text"":""Magic strike and swaps stats of two rivals."",""name"":null,""description"":null,""tag"":null,""title"":""Reality Weaver""}","","ser","","Inversión","#6644cc","44","añade un ovillo de lana","https://media.base44.com/images/public/6a39c9aee54efe3a86d6d69a/f6637430c_generated_image.png","Serafino Filipino","Magos","7","5","hero","https://media.base44.com/images/public/6a39c9aee54efe3a86d6d69a/8f5612437_generated_image.png","20","","6a3a8416b4f527100b1aa356","2026-06-23T13:03:18.451000","2026-09-09T12:00:47.944000","service_05f8c27e-8970-4a4e-9d7d-a6b9328a676a","service+05f8c27e-8970-4a4e-9d7d-a6b9328a676a@no-reply.base44.com","false"
"https://media.base44.com/images/public/6a39c9aee54efe3a86d6d69a/45f0d2699_generated_image.png","34","https://media.base44.com/images/public/6a39c9aee54efe3a86d6d69a/e20f77c2e_generated_image.png","Escudo de 22 que se regenera cada turno a la mitad del valor anterior (22-11-6-3-2-1-0).","","https://base44.app/api/apps/6a39c9aee54efe3a86d6d69a/files/mp/public/6a39c9aee54efe3a86d6d69a/99058139a_card_art.jpg","","24","","https://media.base44.com/images/public/6a39c9aee54efe3a86d6d69a/60671326f_generated_image.png","true","","El Chamán Estelar","HE","","31","Escudo de 14 a un aliado.","","club","","24","5","17","5","Escudo Ancestral","","","{""ability_name"":""Guardian Spirit"",""ability_text"":""Shield 14 to an ally."",""elite_ability_name"":""Ancestral Shield"",""elite_ability_text"":""Shield 22 that regenerates every turn at half the previous value (22-11-6-3-2-1-0)."",""name"":null,""description"":null,""tag"":""club"",""title"":""The Star Shaman""}","","bat","","Espíritu Guardián","#6644cc","44","","https://media.base44.com/images/public/6a39c9aee54efe3a86d6d69a/c79fdffac_generated_image.png","Batu","Magos","7","7","hero","https://base44.app/api/apps/6a39c9aee54efe3a86d6d69a/files/mp/public/6a39c9aee54efe3a86d6d69a/42c0b65b2_card_art.jpg","18","","6a3a8416b4f527100b1aa357","2026-06-23T13:03:18.451000","2026-09-18T10:14:51.674000","service_05f8c27e-8970-4a4e-9d7d-a6b9328a676a","service+05f8c27e-8970-4a4e-9d7d-a6b9328a676a@no-reply.base44.com","false"
"https://media.base44.com/images/public/6a39c9aee54efe3a86d6d69a/404211c7f_generated_image.png","25","https://media.base44.com/images/public/6a39c9aee54efe3a86d6d69a/16ec909b5_generated_image.png","Roba más HP y lo reparte entre aliados.","","https://base44.app/api/apps/6a39c9aee54efe3a86d6d69a/files/mp/public/6a39c9aee54efe3a86d6d69a/31aadce0b_card_art.jpg","","17","","https://media.base44.com/images/public/6a39c9aee54efe3a86d6d69a/6480b0d1d_generated_image.png","true","","La Nigromante","HE","","32","Roba HP a un rival y cura a un aliado.","","","","25","3","18","5","Drenaje Masivo","","","{""ability_name"":""Life Drain"",""ability_text"":""Steals HP from a rival and heals an ally."",""elite_ability_name"":""Massive Drain"",""elite_ability_text"":""Steals more HP and distributes it among allies."",""name"":null,""description"":null,""tag"":null,""title"":""The Necromancer""}","","nix","","Drenaje Vital","#6644cc","44","fondo oscuro
","https://media.base44.com/images/public/6a39c9aee54efe3a86d6d69a/cc88fb76c_generated_image.png","Nixara The Witch","Magos","7","5","hero","https://base44.app/api/apps/6a39c9aee54efe3a86d6d69a/files/mp/public/6a39c9aee54efe3a86d6d69a/277fc4d45_card_art.jpg","19","","6a3a8416b4f527100b1aa358","2026-06-23T13:03:18.451000","2026-09-09T12:06:05.376000","service_05f8c27e-8970-4a4e-9d7d-a6b9328a676a","service+05f8c27e-8970-4a4e-9d7d-a6b9328a676a@no-reply.base44.com","false"
"https://media.base44.com/images/public/6a39c9aee54efe3a86d6d69a/2b96cade1_generated_image.png","26","https://media.base44.com/images/public/6a39c9aee54efe3a86d6d69a/4fa344085_generated_image.png","Anula habilidad y golpe mágico fuerte.","","https://media.base44.com/images/public/6a39c9aee54efe3a86d6d69a/6a68b95c8_generated_image.png","","18","","https://media.base44.com/images/public/6a39c9aee54efe3a86d6d69a/6985036bd_generated_image.png","","que salga un robot de juguete de darth vader","El Disruptor  amentalizado","HE","","33","Anula la habilidad especial de un rival y hace daño.","","","","23","3","15","6","Silencio Total","","","{""ability_name"":""Interference"",""ability_text"":""Cancels a rival's special ability and deals damage."",""elite_ability_name"":""Total Silence"",""elite_ability_text"":""Cancels ability and heavy magic strike."",""name"":null,""description"":null,""tag"":null,""title"":""The Disruptor""}","","vex","","Interferencia","#6644cc","44","Añadele caramelos de mentolin eucaliptus (verde) y no te olvide de cheewaka","https://media.base44.com/images/public/6a39c9aee54efe3a86d6d69a/6232a7c50_generated_image.png","Vexalino Mentolino","Magos","8","5","hero","https://media.base44.com/images/public/6a39c9aee54efe3a86d6d69a/222653944_generated_image.png","17","","6a3a8416b4f527100b1aa359","2026-06-23T13:03:18.451000","2026-09-09T12:18:41.092000","service_05f8c27e-8970-4a4e-9d7d-a6b9328a676a","service+05f8c27e-8970-4a4e-9d7d-a6b9328a676a@no-reply.base44.com","false"
"https://media.base44.com/images/public/6a39c9aee54efe3a86d6d69a/4f53455d9_generated_image.png","38","https://media.base44.com/images/public/6a39c9aee54efe3a86d6d69a/ca55a6487_generated_image.png","Cura a todos +2 a sus stats.","","https://media.base44.com/images/public/6a39c9aee54efe3a86d6d69a/786d9a5d9_generated_image.png","","28","","https://media.base44.com/images/public/6a39c9aee54efe3a86d6d69a/d3018c729_generated_image.png","","añade un plato de hamburguesa con patatas y ponle gafas y unos pies muy bonitos","El Pastor del Cosmos","HE","","34","Cura a TODOS los aliados.","","club","","22","6","16","6","Sinfonía Cósmica","","","{""ability_name"":""Healing Ballad"",""ability_text"":""Heals ALL allies."",""elite_ability_name"":""Cosmic Symphony"",""elite_ability_text"":""Heals everyone and grants +2 to their stats."",""name"":null,""description"":null,""tag"":""club"",""title"":""The Shepherd of the Cosmos""}","","chi","","Balada Curativa","#33aa44","40","añadele anteojos y un pack de chuches,y pies grandes y un unicornio","https://media.base44.com/images/public/6a39c9aee54efe3a86d6d69a/dc5464258_generated_image.png","Chivo","Druidas","8","8","hero","https://media.base44.com/images/public/6a39c9aee54efe3a86d6d69a/f26659e0d_generated_image.png","16","","6a3a8416b4f527100b1aa35a","2026-06-23T13:03:18.451000","2026-09-18T10:15:23.401000","service_05f8c27e-8970-4a4e-9d7d-a6b9328a676a","service+05f8c27e-8970-4a4e-9d7d-a6b9328a676a@no-reply.base44.com","false"
"https://media.base44.com/images/public/6a39c9aee54efe3a86d6d69a/1236c1b8b_generated_image.png","36","https://media.base44.com/images/public/6a39c9aee54efe3a86d6d69a/49afa7a4e_generated_image.png","Revive a un aliado a plena vida.","","https://base44.app/api/apps/6a39c9aee54efe3a86d6d69a/files/mp/public/6a39c9aee54efe3a86d6d69a/aae5a6404_card_art.jpg","","26","","https://media.base44.com/images/public/6a39c9aee54efe3a86d6d69a/da922ef68_generated_image.png","true","REVIVE a un aliado caído con HP parcial.","La Sacerdotisa","HE","","35","REVIVE a un aliado caído con HP parcial.","","","","23","4","17","5","Resurrección","","","{""ability_name"":""Rebirth"",""ability_text"":""REVIVES a fallen ally with partial HP."",""elite_ability_name"":""Resurrection"",""elite_ability_text"":""Revives an ally at full health."",""name"":null,""description"":null,""tag"":null,""title"":""The Priestess""}","","sol","","Renacimiento","#33aa44","40","Revive a un aliado a plena vida.Fondo oscuro","https://media.base44.com/images/public/6a39c9aee54efe3a86d6d69a/d8e2e1115_generated_image.png","Solenmena","Druidas","7","6","hero","https://base44.app/api/apps/6a39c9aee54efe3a86d6d69a/files/mp/public/6a39c9aee54efe3a86d6d69a/e08de7242_card_art.jpg","17","","6a3a8416b4f527100b1aa35b","2026-06-23T13:03:18.451000","2026-09-09T12:15:24.088000","service_05f8c27e-8970-4a4e-9d7d-a6b9328a676a","service+05f8c27e-8970-4a4e-9d7d-a6b9328a676a@no-reply.base44.com","false"
"https://media.base44.com/images/public/6a39c9aee54efe3a86d6d69a/df8c04b52_generated_image.png","45","https://media.base44.com/images/public/6a39c9aee54efe3a86d6d69a/c45210eaa_generated_image.png","Cura a todos al máximo del grupo.","","https://base44.app/api/apps/6a39c9aee54efe3a86d6d69a/files/mp/public/6a39c9aee54efe3a86d6d69a/3f0b91927_card_art.jpg","","38","","https://media.base44.com/images/public/6a39c9aee54efe3a86d6d69a/84e2ff950_generated_image.png","","añadele una maquina expendedora de Whisky cardhu 12 años","El Equilibrador","HE","","36","Cura a todos los aliados igualando su vida.","","club","","21","6","14","7","Balance Perfecto","","20","{""ability_name"":""Rebalancing"",""ability_text"":""Heal all allies by evening out their health."",""elite_ability_name"":""Perfect Balance"",""elite_ability_text"":""Heal everyone to the party's maximum health."",""name"":""Maintenance Guy"",""description"":null,""tag"":""club"",""title"":""The Balancer""}","","man","auto","Reequilibrio","#33aa44","40","añadele una ratita simpatica humoristica","https://media.base44.com/images/public/6a39c9aee54efe3a86d6d69a/de5e635b7_generated_image.png","Mantenimiento","Druidas","9","8","hero","https://base44.app/api/apps/6a39c9aee54efe3a86d6d69a/files/mp/public/6a39c9aee54efe3a86d6d69a/18ffa5a0f_card_art.jpg","17","17","6a3a8416b4f527100b1aa35c","2026-06-23T13:03:18.451000","2026-09-18T10:15:50.095000","service_05f8c27e-8970-4a4e-9d7d-a6b9328a676a","service+05f8c27e-8970-4a4e-9d7d-a6b9328a676a@no-reply.base44.com","false"
"https://media.base44.com/images/public/6a39c9aee54efe3a86d6d69a/9c23e4291_generated_image.png","30","https://media.base44.com/images/public/6a39c9aee54efe3a86d6d69a/935877673_generated_image.png","Golpe mágico y maldición permanente.","","https://media.base44.com/images/public/6a39c9aee54efe3a86d6d69a/d9a306f6c_generated_image.png","","22","","https://media.base44.com/images/public/6a39c9aee54efe3a86d6d69a/3c373c86d_generated_image.png","","agregale uns parodia humorísitica de un pokemon random (que no sea real)","El Eterno Liche","HE","ride","37","Golpe mágico que maldice (-stats) al objetivo.","","club","","26","4","22","5","Inmortalidad Oscura","","","{""ability_name"":""Eternal Curse"",""ability_text"":""Magical strike that curses (-stats) the target."",""elite_ability_name"":""Dark Immortality"",""elite_ability_text"":""Magical strike and permanent curse."",""name"":null,""description"":null,""tag"":""club"",""title"":""The Eternal Lich""}","","pac","sweep","Maldición Eterna","#7a2a8a","35","montado en un montacargas de almacén,sin texto","https://media.base44.com/images/public/6a39c9aee54efe3a86d6d69a/dd084e6c3_generated_image.png","Pacopiton","No-muertos","7","6","hero","https://media.base44.com/images/public/6a39c9aee54efe3a86d6d69a/17c4ad974_generated_image.png","20","","6a3a8416b4f527100b1aa35d","2026-06-23T13:03:18.451000","2026-09-18T10:16:01.320000","service_05f8c27e-8970-4a4e-9d7d-a6b9328a676a","service+05f8c27e-8970-4a4e-9d7d-a6b9328a676a@no-reply.base44.com","false"
"https://media.base44.com/images/public/6a39c9aee54efe3a86d6d69a/ae858a6e5_generated_image.png","50","https://media.base44.com/images/public/6a39c9aee54efe3a86d6d69a/fdb794039_generated_image.png","Al morir resucita a un héroe aliado que esté muerto, le cura toda la vida y le rearma la armadura y el arma que llevaba en el momento de su muerte.","","https://base44.app/api/apps/6a39c9aee54efe3a86d6d69a/files/mp/public/6a39c9aee54efe3a86d6d69a/18b980832_card_art.jpg","","35","Lo pequeño será grande.","https://media.base44.com/images/public/6a39c9aee54efe3a86d6d69a/dcde5d84d_generated_image.png","true","","Corrupted Crane","HE","dance","38","La próxima vez que reciba daño lanza un dado de dos caras, si sale 1, mata directamente a un héroe del rival (en la fase que esté) y si sale 2 no hace nada.","","L5R","","25","3","20","5","Gran Amenaza","","25","{""ability_name"":""Small Threat"",""ability_text"":""The next time this hero receives damage, roll a two-sided die. If it's a 1, instantly kill an opponent's hero (in whatever phase they are in); if it's a 2, nothing happens."",""elite_ability_name"":""Great Threat"",""elite_ability_text"":""Upon death, revive one dead allied hero, restore them to full health and re-equip the armor and weapon they carried when they died."",""name"":null,""description"":""What is small shall be great."",""tag"":""L5R"",""title"":""Corrupted Crane""}","true","dojpur","zoom_in","Pequeña amenaza","#7a2a8a","40","","https://media.base44.com/images/public/6a39c9aee54efe3a86d6d69a/90cd64b76_generated_image.png","Doji Conpuri","No-muertos","7","5","hero","https://base44.app/api/apps/6a39c9aee54efe3a86d6d69a/files/mp/public/6a39c9aee54efe3a86d6d69a/da61136f5_card_art.jpg","19","20","6a3a8416b4f527100b1aa35e","2026-06-23T13:03:18.451000","2026-09-27T01:00:21.618000","service_05f8c27e-8970-4a4e-9d7d-a6b9328a676a","service+05f8c27e-8970-4a4e-9d7d-a6b9328a676a@no-reply.base44.com","false"
"https://media.base44.com/images/public/6a39c9aee54efe3a86d6d69a/d0238633d_generated_image.png","30","https://media.base44.com/images/public/6a39c9aee54efe3a86d6d69a/158bd2832_generated_image.png","Maldición permanente y daño mágico.","","https://media.base44.com/images/public/6a39c9aee54efe3a86d6d69a/c8b5e2201_generated_image.png","","22","","https://media.base44.com/images/public/6a39c9aee54efe3a86d6d69a/cce0744ce_generated_image.png","","ponle gorra cutre al héroe y un muñeco Michelin simpatico","Predicador del Vacío","HE","","39","Golpe mágico y -3 a todos los stats del objetivo.","","club","","22","4","16","5","Condena Eterna","","","{""ability_name"":""Stellar Curse"",""ability_text"":""Sorcery strike and -3 to all target stats."",""elite_ability_name"":""Eternal Doom"",""elite_ability_text"":""Permanent curse and sorcery damage."",""name"":null,""description"":null,""tag"":""club"",""title"":""Void Preacher""}","","rev","","Maldición Estelar","#C9A227","26","Agregale coches en miniatura  antiguos y piezas de domino","https://media.base44.com/images/public/6a39c9aee54efe3a86d6d69a/ecece8434_generated_image.png","Reverendo Sapis","Vaqueros","7","6","hero","https://media.base44.com/images/public/6a39c9aee54efe3a86d6d69a/6996705b7_generated_image.png","16","","6a3a8416b4f527100b1aa35f","2026-06-23T13:03:18.451000","2026-09-18T10:16:13.999000","service_05f8c27e-8970-4a4e-9d7d-a6b9328a676a","service+05f8c27e-8970-4a4e-9d7d-a6b9328a676a@no-reply.base44.com","false"
"https://media.base44.com/images/public/6a39c9aee54efe3a86d6d69a/547788b59_generated_image.png","36","https://media.base44.com/images/public/6a39c9aee54efe3a86d6d69a/a7395b4ae_generated_image.png","Cura 28 HP y +3 CC al aliado.","","https://media.base44.com/images/public/6a39c9aee54efe3a86d6d69a/94697d882_generated_image.png","","26","","https://media.base44.com/images/public/6a39c9aee54efe3a86d6d69a/195db581d_generated_image.png","","","Cirujano de Combate","HE","","40","Cura 18 HP a un aliado.","","","","21","6","15","6","Cirugía Élite","","","{""ability_name"":""Injection"",""ability_text"":""Heals 18 HP to an ally."",""elite_ability_name"":""Elite Surgery"",""elite_ability_text"":""Heals 28 HP and +3 CC to the ally."",""name"":null,""description"":null,""tag"":null,""title"":""Combat Surgeon""}","","doc","","Inyección","#C9A227","26","fondo negro,la cara más gorda","https://media.base44.com/images/public/6a39c9aee54efe3a86d6d69a/ee104ca46_generated_image.png","Clint Tripud","Vaqueros","8","8","hero","https://media.base44.com/images/public/6a39c9aee54efe3a86d6d69a/ebcfbce9e_generated_image.png","15","","6a3a8416b4f527100b1aa360","2026-06-23T13:03:18.451000","2026-09-09T12:43:07.955000","service_05f8c27e-8970-4a4e-9d7d-a6b9328a676a","service+05f8c27e-8970-4a4e-9d7d-a6b9328a676a@no-reply.base44.com","false"
"https://media.base44.com/images/public/6a39c9aee54efe3a86d6d69a/d332121ea_generated_image.png","42","https://media.base44.com/images/public/6a39c9aee54efe3a86d6d69a/012f43fce_generated_image.png","Daño mágico devastador a todos.","","https://base44.app/api/apps/6a39c9aee54efe3a86d6d69a/files/mp/public/6a39c9aee54efe3a86d6d69a/12ef30612_card_art.jpg","","30","","https://media.base44.com/images/public/6a39c9aee54efe3a86d6d69a/47a222627_generated_image.png","true","jugando con un funko de bola de dragon (dragonball, Bulma), y mojando en leche un donut ,fondo negro","El Dios Fragmentado","HE","slash","41","Daño mágico a TODOS los rivales.","","club","true","28","5","47","7","Divinidad","","","{""ability_name"":""Divine Judgment"",""ability_text"":""Sorcery damage to ALL opponents."",""elite_ability_name"":""Divinity"",""elite_ability_text"":""Devastating sorcery damage to everyone."",""name"":null,""description"":null,""tag"":""club"",""title"":""The Fragmented God""}","","zer","teleport","Juicio Divino","#cc88ff","37","que el héroe esté dentro de un autobus de barcelona tmb

","https://media.base44.com/images/public/6a39c9aee54efe3a86d6d69a/79b2e73da_generated_image.png","Zarmandis","Épicas","9","7","hero","https://base44.app/api/apps/6a39c9aee54efe3a86d6d69a/files/mp/public/6a39c9aee54efe3a86d6d69a/81960f3b2_card_art.jpg","22","","6a3a8416b4f527100b1aa361","2026-06-23T13:03:18.451000","2026-09-18T10:16:33.902000","service_05f8c27e-8970-4a4e-9d7d-a6b9328a676a","service+05f8c27e-8970-4a4e-9d7d-a6b9328a676a@no-reply.base44.com","false"
"https://media.base44.com/images/public/6a39c9aee54efe3a86d6d69a/784b58f9e_generated_image.png","34","https://media.base44.com/images/public/6a39c9aee54efe3a86d6d69a/92045f0cf_generated_image.png","Golpe mágico que bloquea la mano rival. Y le sirve un café con leche,","","https://base44.app/api/apps/6a39c9aee54efe3a86d6d69a/files/mp/public/6a39c9aee54efe3a86d6d69a/cc077b164_card_art.jpg","","24","","https://media.base44.com/images/public/6a39c9aee54efe3a86d6d69a/075bef537_generated_image.png","true","Sirviendo un cortado expresso,fondo oscuro","El Cafetero","HE","","42","Golpe mágico brutal a un objetivo. Y le sirve un cortado.","","","","32","4","46","6","Vacío Mental","","","{""ability_name"":""Mental Breakdown"",""ability_text"":""A brutal Sorcery hit to a target. And serves them an espresso."",""elite_ability_name"":""Mental Void"",""elite_ability_text"":""Sorcery hit that blocks the opponent's hand. And serves them a latte,"",""name"":null,""description"":null,""tag"":null,""title"":""The Coffee Brewer""}","","caoffe","","Colapso Mental","#cc88ff","37","la cafetera expresso sirviendo un café con leche","https://media.base44.com/images/public/6a39c9aee54efe3a86d6d69a/5891db506_generated_image.png","Coffetath","Épicas","8","6","hero","https://base44.app/api/apps/6a39c9aee54efe3a86d6d69a/files/mp/public/6a39c9aee54efe3a86d6d69a/1085fc1d0_card_art.jpg","26","","6a3a8416b4f527100b1aa362","2026-06-23T13:03:18.451000","2026-09-09T12:47:59.087000","service_05f8c27e-8970-4a4e-9d7d-a6b9328a676a","service+05f8c27e-8970-4a4e-9d7d-a6b9328a676a@no-reply.base44.com","false"
"https://media.base44.com/images/public/6a39c9aee54efe3a86d6d69a/23bf22aff_generated_image.png","32","https://media.base44.com/images/public/6a39c9aee54efe3a86d6d69a/fa6db3f39_generated_image.png","El rival pierde 2 turnos.","","https://media.base44.com/images/public/6a39c9aee54efe3a86d6d69a/0b8c4d069_generated_image.png","","22","","https://media.base44.com/images/public/6a39c9aee54efe3a86d6d69a/74c75c1a2_generated_image.png","","agréagel muhso erlojes de ajedrez digitales y analógicos","Gran Maestro","HE","","43","Anticipa al rival: pierde su próximo turno.","","","","25","3","17","5","Mate Pastor","","","{""ability_name"":""Checkmate"",""ability_text"":""Anticipates the rival: they lose their next turn."",""elite_ability_name"":""Scholar's Mate"",""elite_ability_text"":""The rival loses 2 turns."",""name"":""The Chess Player"",""description"":null,""tag"":null,""title"":""Grandmaster""}","","aje","","Jaque Mate","#e0498b","35","Agréale boli azul bic y boli rojo y boli verde bic, y planillas de ajedrez, queel personaje este gordito","https://media.base44.com/images/public/6a39c9aee54efe3a86d6d69a/91a43c77d_generated_image.png","El Ajedrecista","Cotidianos","7","5","hero","https://media.base44.com/images/public/6a39c9aee54efe3a86d6d69a/5bbd13d6c_generated_image.png","19","","6a3a8416b4f527100b1aa363","2026-06-23T13:03:18.451000","2026-09-09T12:52:02.732000","service_05f8c27e-8970-4a4e-9d7d-a6b9328a676a","service+05f8c27e-8970-4a4e-9d7d-a6b9328a676a@no-reply.base44.com","false"
"https://media.base44.com/images/public/6a39c9aee54efe3a86d6d69a/55795c7de_generated_image.png","30","https://media.base44.com/images/public/6a39c9aee54efe3a86d6d69a/3586c79d7_generated_image.png","Conjuro aleatorio crítico garantizado.","","https://media.base44.com/images/public/6a39c9aee54efe3a86d6d69a/1de790e63_generated_image.png","","22","","https://media.base44.com/images/public/6a39c9aee54efe3a86d6d69a/d59e8cab4_generated_image.png","","Que salga lanzando un dado de 4 caras y fumándose un porrito","Master del Calabozo","HE","","44","Lanza un conjuro aleatorio de gran potencia.","","","","26","4","16","5","Dado Cargado","","","{""ability_name"":""Critical Roll"",""ability_text"":""Casts a random spell of great power."",""elite_ability_name"":""Loaded Dice"",""elite_ability_text"":""Guaranteed critical random spell."",""name"":""The Roleplayer"",""description"":null,""tag"":null,""title"":""Dungeon Master""}","","rol","","Tirada Crítica","#e0498b","35","Montado encima de un tablero gigante del juego Hero Quest","https://media.base44.com/images/public/6a39c9aee54efe3a86d6d69a/d21b3f5d7_generated_image.png","El Rolero","Cotidianos","7","6","hero","https://media.base44.com/images/public/6a39c9aee54efe3a86d6d69a/e7779bf69_generated_image.png","20","","6a3a8416b4f527100b1aa364","2026-06-23T13:03:18.451000","2026-09-09T12:56:55.017000","service_05f8c27e-8970-4a4e-9d7d-a6b9328a676a","service+05f8c27e-8970-4a4e-9d7d-a6b9328a676a@no-reply.base44.com","false"
"https://media.base44.com/images/public/6a39c9aee54efe3a86d6d69a/67656969f_generated_image.png","42","https://media.base44.com/images/public/6a39c9aee54efe3a86d6d69a/f7c66704e_generated_image.png","'-6 a todos los rivales y se cura 10.","","https://media.base44.com/images/public/6a39c9aee54efe3a86d6d69a/4ad6c76c5_generated_image.png","","30","","https://media.base44.com/images/public/6a39c9aee54efe3a86d6d69a/517656a72_generated_image.png","","agrgale un muñeco de peluche del tío gilito","El Populista","HE","heroic","45","Engaña a todos los rivales: -4 a todos sus stats.","","","","24","5","18","6","Pacto de Sombras","","","{""ability_name"":""Empty Promise"",""ability_text"":""Deceives all rivals: -4 to all their stats."",""elite_ability_name"":""Shadow Pact"",""elite_ability_text"":""-6 to all rivals and heals self 10."",""name"":""The Politician"",""description"":null,""tag"":null,""title"":""The Populist""}","","pol","","Promesa Vacía","#e0498b","35","encerrado dentro de una celda acampañado de una mascota qeu sea un cerdito simpatico humoristico","https://media.base44.com/images/public/6a39c9aee54efe3a86d6d69a/f65b82df6_generated_image.png","El Político","Cotidianos","8","7","hero","https://media.base44.com/images/public/6a39c9aee54efe3a86d6d69a/2ec9c7478_generated_image.png","18","","6a3a8416b4f527100b1aa365","2026-06-23T13:03:18.451000","2026-09-09T13:00:42.754000","service_05f8c27e-8970-4a4e-9d7d-a6b9328a676a","service+05f8c27e-8970-4a4e-9d7d-a6b9328a676a@no-reply.base44.com","false"
"","","https://media.base44.com/images/public/6a39c9aee54efe3a86d6d69a/4f4448adb_generated_image.png","","","https://base44.app/api/apps/6a39c9aee54efe3a86d6d69a/files/mp/public/6a39c9aee54efe3a86d6d69a/9d49aac0a_card_art.jpg","","","Daño de FUEGO a un rival. Escala con tu nivel de Magia.","","true","bola de fuego a modo de alitosis saliendo de una boca de una especie de pikachu gordo y feo,fondo negro","","fuego","","46","","","fuego","","","","10","","","","","{""ability_name"":null,""ability_text"":null,""elite_ability_name"":null,""elite_ability_text"":null,""name"":""Fireball"",""description"":""FIRE damage to an enemy. Scales with Magic level."",""tag"":""FIRE"",""title"":null}","","sp_fire1","fire","","","8","","","Bola de Fuego","","","","spell","","","","6a3a8416b4f527100b1aa366","2026-06-23T13:03:18.451000","2026-08-21T11:06:46.762000","service_05f8c27e-8970-4a4e-9d7d-a6b9328a676a","service+05f8c27e-8970-4a4e-9d7d-a6b9328a676a@no-reply.base44.com","false"
"","","https://media.base44.com/images/public/6a39c9aee54efe3a86d6d69a/93fb692e3_generated_image.png","","","https://base44.app/api/apps/6a39c9aee54efe3a86d6d69a/files/mp/public/6a39c9aee54efe3a86d6d69a/1fbccedea_card_art.jpg","","","Daño de FUEGO a TODOS los rivales. Escala con tu nivel de Magia.","","true","un personaje similar a snorlax(colores blaugrana) pijo y con gafas de soly grande se lanza tres pedos grandes qeu pasan a ser tres bolas de fuego brutales. Sin efecto traslucido,fondo negro","","fuego","auto","47","","","fuego","","","","16","","","","","{""ability_name"":null,""ability_text"":null,""elite_ability_name"":null,""elite_ability_text"":null,""name"":""Firestorm"",""description"":""FIRE damage to ALL enemies. Scales with Magic level."",""tag"":""FIRE"",""title"":null}","","sp_fire2","auto","","","16","","","Tormenta Ígnea","","","","spell","","","","6a3a8416b4f527100b1aa367","2026-06-23T13:03:18.451000","2026-08-22T20:01:29.311000","service_05f8c27e-8970-4a4e-9d7d-a6b9328a676a","service+05f8c27e-8970-4a4e-9d7d-a6b9328a676a@no-reply.base44.com","false"
"","","https://media.base44.com/images/public/6a39c9aee54efe3a86d6d69a/7bbdfe8bc_generated_image.png","","","https://base44.app/api/apps/6a39c9aee54efe3a86d6d69a/files/mp/public/6a39c9aee54efe3a86d6d69a/9a7466a3d_card_art.jpg","","","Daño de HIELO a un rival y lo ralentiza. Escala con tu nivel de Magia.","","true","fondo negro","","hielo","","48","","","hielo","","","","11","","","","","{""ability_name"":null,""ability_text"":null,""elite_ability_name"":null,""elite_ability_text"":null,""name"":""Ice Spear"",""description"":""ICE damage to an enemy and slows them. Scales with Magic level."",""tag"":""ICE"",""title"":null}","","sp_ice1","ice","","","9","","","Lanza de Hielo","","","","spell","","","","6a3a8416b4f527100b1aa368","2026-06-23T13:03:18.451000","2026-08-21T11:02:11.587000","service_05f8c27e-8970-4a4e-9d7d-a6b9328a676a","service+05f8c27e-8970-4a4e-9d7d-a6b9328a676a@no-reply.base44.com","false"
"","","https://media.base44.com/images/public/6a39c9aee54efe3a86d6d69a/08d89cb47_generated_image.png","","","https://base44.app/api/apps/6a39c9aee54efe3a86d6d69a/files/mp/public/6a39c9aee54efe3a86d6d69a/aca6de9e1_card_art.jpg","","","Daño de RAYO a 2 rivales. Escala con tu nivel de Magia.","","true","fondo negro,el trabajador de mantenimiento manipula un echufe y de rpente sale un rayo bestial en cadena","","rayo","","49","","","rayo","","","","12","","","","","{""ability_name"":null,""ability_text"":null,""elite_ability_name"":null,""elite_ability_text"":null,""name"":""Chain Lightning"",""description"":""LIGHTNING damage to 2 enemies. Scales with Magic level."",""tag"":""LIGHTNING"",""title"":null}","","sp_ray1","lightning","","","12","","","Rayo en Cadena","","","","spell","","","","6a3a8416b4f527100b1aa369","2026-06-23T13:03:18.451000","2026-08-21T11:04:58.482000","service_05f8c27e-8970-4a4e-9d7d-a6b9328a676a","service+05f8c27e-8970-4a4e-9d7d-a6b9328a676a@no-reply.base44.com","false"
"","","https://media.base44.com/images/public/6a39c9aee54efe3a86d6d69a/53008d912_generated_image.png","","","https://base44.app/api/apps/6a39c9aee54efe3a86d6d69a/files/mp/public/6a39c9aee54efe3a86d6d69a/010b1d25c_card_art.jpg","","","Daño de AGUA a TODOS los rivales. Escala con tu nivel de Magia.","","true","una ola gigante con barquitos de papel y patitos haciendo surf,fondo negro","","agua","","50","","","agua","","","","14","","","","","{""ability_name"":null,""ability_text"":null,""elite_ability_name"":null,""elite_ability_text"":null,""name"":""Tidal Wave"",""description"":""WATER damage to ALL enemies. Scales with Magic level."",""tag"":""WATER"",""title"":null}","","sp_agua1","tornado","","","15","","","Maremoto","","","","spell","","","","6a3a8416b4f527100b1aa36a","2026-06-23T13:03:18.451000","2026-08-21T11:08:17.470000","service_05f8c27e-8970-4a4e-9d7d-a6b9328a676a","service+05f8c27e-8970-4a4e-9d7d-a6b9328a676a@no-reply.base44.com","false"
"","","https://media.base44.com/images/public/6a39c9aee54efe3a86d6d69a/b33782fba_generated_image.png","","","https://base44.app/api/apps/6a39c9aee54efe3a86d6d69a/files/mp/public/6a39c9aee54efe3a86d6d69a/afd3c3c4f_card_art.jpg","","","Cura HP a un aliado. Escala con tu nivel de Magia.","","true","Botiquin de la cruz roja de la que sale tiritas, alcohol , y yodo","","curacion","","51","","","curacion","","","","9","","","","","{""ability_name"":null,""ability_text"":null,""elite_ability_name"":null,""elite_ability_text"":null,""name"":""Heal"",""description"":""Heals HP for an ally. Scales with Magic level."",""tag"":""HEAL"",""title"":null}","","sp_heal1","magic","","","8","","","Curación","","","","spell","","","","6a3a8416b4f527100b1aa36b","2026-06-23T13:03:18.451000","2026-08-21T11:09:50.144000","service_05f8c27e-8970-4a4e-9d7d-a6b9328a676a","service+05f8c27e-8970-4a4e-9d7d-a6b9328a676a@no-reply.base44.com","false"
"","","https://media.base44.com/images/public/6a39c9aee54efe3a86d6d69a/f49e88f9f_generated_image.png","","","https://base44.app/api/apps/6a39c9aee54efe3a86d6d69a/files/mp/public/6a39c9aee54efe3a86d6d69a/2b5c286f3_card_art.jpg","","","Cura a TODOS los aliados. Escala con tu nivel de Magia.","","true","tio gilito en la iglesia dando dinero y amor a todos, consigue curar a la humanidadd, fondo negro","","curacion","","52","","","curacion","","","","15","","","","","{""ability_name"":null,""ability_text"":null,""elite_ability_name"":null,""elite_ability_text"":null,""name"":""Divine Heal"",""description"":""Heals ALL allies. Scales with Magic level."",""tag"":""HEAL"",""title"":null}","","sp_heal2","magic","","","15","","","Curación Divina","","","","spell","","","","6a3a8416b4f527100b1aa36c","2026-06-23T13:03:18.451000","2026-08-21T11:10:46.499000","service_05f8c27e-8970-4a4e-9d7d-a6b9328a676a","service+05f8c27e-8970-4a4e-9d7d-a6b9328a676a@no-reply.base44.com","false"
"","","https://media.base44.com/images/public/6a39c9aee54efe3a86d6d69a/a97acb7f6_generated_image.png","","","https://base44.app/api/apps/6a39c9aee54efe3a86d6d69a/files/mp/public/6a39c9aee54efe3a86d6d69a/172c1e8bb_card_art.jpg","","","Escudo que absorbe daño en un aliado. Escala con tu nivel de Magia.","","true","Un pastel de chocolate, nata,  de mana rico para todos, fondo negro","","proteccion","","53","","","proteccion","","","","9","","","","","{""ability_name"":null,""ability_text"":null,""elite_ability_name"":null,""elite_ability_text"":null,""name"":""Mana Shield"",""description"":""Shield that absorbs damage on an ally. Scales with Magic level."",""tag"":""PROTECTION"",""title"":null}","","sp_prot1","magic","","","8","","","Escudo de Maná","","","","spell","","","","6a3a8416b4f527100b1aa36d","2026-06-23T13:03:18.451000","2026-08-21T11:12:39.874000","service_05f8c27e-8970-4a4e-9d7d-a6b9328a676a","service+05f8c27e-8970-4a4e-9d7d-a6b9328a676a@no-reply.base44.com","false"
"","","https://media.base44.com/images/public/6a39c9aee54efe3a86d6d69a/7b42895e8_generated_image.png","","","https://base44.app/api/apps/6a39c9aee54efe3a86d6d69a/files/mp/public/6a39c9aee54efe3a86d6d69a/6e1449466_card_art.jpg","","","Protege a un aliado del daño de hechizos durante 2 turnos. Escala con tu nivel de Magia.","","true","fondo negro","","arcano","","54","","","arcano","","","","11","","","","","{""ability_name"":null,""ability_text"":null,""elite_ability_name"":null,""elite_ability_text"":null,""name"":""Arcane Barrier"",""description"":""Protects an ally from spell damage for 2 turns. Scales with Magic level."",""tag"":""ARCANE"",""title"":null}","","sp_ward","magic","","","12","","","Barrera Arcana","","","","spell","","","","6a3a8416b4f527100b1aa36e","2026-06-23T13:03:18.451000","2026-08-17T00:45:22.253000","service_05f8c27e-8970-4a4e-9d7d-a6b9328a676a","service+05f8c27e-8970-4a4e-9d7d-a6b9328a676a@no-reply.base44.com","false"
"","","https://media.base44.com/images/public/6a39c9aee54efe3a86d6d69a/9e021aeaa_generated_image.png","","","https://base44.app/api/apps/6a39c9aee54efe3a86d6d69a/files/mp/public/6a39c9aee54efe3a86d6d69a/2067a3482_card_art.jpg","","","Duerme a un rival (pierde su turno). Fiabilidad según tu nivel de Magia.","","true","fondo negro","","estado","","55","","","estado","","","","10","","","","","{""ability_name"":null,""ability_text"":null,""elite_ability_name"":null,""elite_ability_text"":null,""name"":""Slumber"",""description"":""Puts an enemy to sleep (loses turn). Reliability based on Magic level."",""tag"":""STATUS"",""title"":null}","","sp_sleep","magic","","","10","","","Sueño","","","","spell","","","","6a3a8416b4f527100b1aa36f","2026-06-23T13:03:18.451000","2026-08-17T00:45:28.406000","service_05f8c27e-8970-4a4e-9d7d-a6b9328a676a","service+05f8c27e-8970-4a4e-9d7d-a6b9328a676a@no-reply.base44.com","false"
"","","https://media.base44.com/images/public/6a39c9aee54efe3a86d6d69a/f3a289292_generated_image.png","","","https://base44.app/api/apps/6a39c9aee54efe3a86d6d69a/files/mp/public/6a39c9aee54efe3a86d6d69a/961b474b6_card_art.jpg","","","Paraliza a un rival (pierde su turno). Fiabilidad según tu nivel de Magia.","","true","fondo negro","","estado","","56","","","estado","","","","11","","","","","{""ability_name"":null,""ability_text"":null,""elite_ability_name"":null,""elite_ability_text"":null,""name"":""Paralysis"",""description"":""Paralyzes an enemy (loses turn). Reliability based on Magic level."",""tag"":""STATUS"",""title"":null}","","sp_para","lightning","","","11","","","Paralización","","","","spell","","","","6a3a8416b4f527100b1aa370","2026-06-23T13:03:18.451000","2026-08-17T00:45:33.283000","service_05f8c27e-8970-4a4e-9d7d-a6b9328a676a","service+05f8c27e-8970-4a4e-9d7d-a6b9328a676a@no-reply.base44.com","false"
"","","https://media.base44.com/images/public/6a39c9aee54efe3a86d6d69a/1b20714ef_generated_image.png","","","https://base44.app/api/apps/6a39c9aee54efe3a86d6d69a/files/mp/public/6a39c9aee54efe3a86d6d69a/88cd290e0_card_art.jpg","","","'-Stats a un rival. Escala con tu nivel de Magia.","","true","fondo negro","","estado","","57","","","estado","","","","8","","","","","{""ability_name"":null,""ability_text"":null,""elite_ability_name"":null,""elite_ability_text"":null,""name"":""Curse"",""description"":""-Stats to an enemy. Scales with Magic level."",""tag"":""STATUS"",""title"":null}","","sp_curse","magic","","","8","","","Maldición","","","","spell","","","","6a3a8416b4f527100b1aa371","2026-06-23T13:03:18.451000","2026-08-17T00:46:12.723000","service_05f8c27e-8970-4a4e-9d7d-a6b9328a676a","service+05f8c27e-8970-4a4e-9d7d-a6b9328a676a@no-reply.base44.com","false"
"","","https://media.base44.com/images/public/6a39c9aee54efe3a86d6d69a/4731626ed_generated_image.png","","","https://base44.app/api/apps/6a39c9aee54efe3a86d6d69a/files/mp/public/6a39c9aee54efe3a86d6d69a/c450a9568_card_art.jpg","","","'+Stats a un aliado. Escala con tu nivel de Magia.","","true","fondo negro","","estado","","58","","","estado","","","","8","","","","","{""ability_name"":null,""ability_text"":null,""elite_ability_name"":null,""elite_ability_text"":null,""name"":""Blessing"",""description"":""+Stats to an ally. Scales with Magic level."",""tag"":""STATUS"",""title"":null}","","sp_bless","magic","","","8","","","Bendición","","","","spell","","","","6a3a8416b4f527100b1aa372","2026-06-23T13:03:18.451000","2026-08-17T00:46:17.647000","service_05f8c27e-8970-4a4e-9d7d-a6b9328a676a","service+05f8c27e-8970-4a4e-9d7d-a6b9328a676a@no-reply.base44.com","false"
"","","","","","https://base44.app/api/apps/6a39c9aee54efe3a86d6d69a/files/mp/public/6a39c9aee54efe3a86d6d69a/438e40738_card_art.jpg","","","Arma a distancia básica. Daño = 6 × (AD/18).","","true","","","AD","","65","","6","","","","","4","","","","","{""ability_name"":null,""ability_text"":null,""elite_ability_name"":null,""elite_ability_text"":null,""name"":""Slingshot"",""description"":""Basic ranged weapon. Damage = 6 × (AD/18)."",""tag"":null,""title"":null}","","rw_sling","","","","","","","Tirachinas","","","","ranged_weapon","","","","6a3a8416b4f527100b1aa373","2026-06-23T13:03:18.451000","2026-08-04T13:16:08.686000","service_05f8c27e-8970-4a4e-9d7d-a6b9328a676a","service+05f8c27e-8970-4a4e-9d7d-a6b9328a676a@no-reply.base44.com","false"
"","","","","","https://base44.app/api/apps/6a39c9aee54efe3a86d6d69a/files/mp/public/6a39c9aee54efe3a86d6d69a/d7d737d7d_card_art.jpg","","","Daño = 10 × (AD/18).","","true","","","AD","","66","","10","","","","","7","","","","","{""ability_name"":null,""ability_text"":null,""elite_ability_name"":null,""elite_ability_text"":null,""name"":""Crossbow"",""description"":""Damage = 10 × (AD/18)."",""tag"":null,""title"":null}","","rw_cross","","","","","","","Ballesta","","","","ranged_weapon","","","","6a3a8416b4f527100b1aa374","2026-06-23T13:03:18.451000","2026-08-04T13:16:08.686000","service_05f8c27e-8970-4a4e-9d7d-a6b9328a676a","service+05f8c27e-8970-4a4e-9d7d-a6b9328a676a@no-reply.base44.com","false"
"","","","","","https://base44.app/api/apps/6a39c9aee54efe3a86d6d69a/files/mp/public/6a39c9aee54efe3a86d6d69a/2bd16d606_card_art.jpg","","","Daño = 12 × (AD/18).","","true","","","AD","","67","","12","","","","","8","","","","","{""ability_name"":null,""ability_text"":null,""elite_ability_name"":null,""elite_ability_text"":null,""name"":""Pistol"",""description"":""Damage = 12 × (AD/18)."",""tag"":null,""title"":null}","","rw_pistol","","","","","","","Pistola","","","","ranged_weapon","","","","6a3a8416b4f527100b1aa375","2026-06-23T13:03:18.451000","2026-08-04T13:16:08.686000","service_05f8c27e-8970-4a4e-9d7d-a6b9328a676a","service+05f8c27e-8970-4a4e-9d7d-a6b9328a676a@no-reply.base44.com","false"
"","","","","","https://base44.app/api/apps/6a39c9aee54efe3a86d6d69a/files/mp/public/6a39c9aee54efe3a86d6d69a/68c657ac1_card_art.jpg","","","Dispara 2 veces. Cada disparo = 7 × (AD/18).","","true","","","2disparos","","68","","7","2disparos","","","","9","","","","","{""ability_name"":null,""ability_text"":null,""elite_ability_name"":null,""elite_ability_text"":null,""name"":""Machine Gun"",""description"":""Fires 2 shots. Each shot = 7 × (AD/18)."",""tag"":""2 SHOTS"",""title"":null}","","rw_smg","","","","","","","Metralleta","","","","ranged_weapon","","","","6a3a8416b4f527100b1aa376","2026-06-23T13:03:18.451000","2026-08-04T13:16:08.686000","service_05f8c27e-8970-4a4e-9d7d-a6b9328a676a","service+05f8c27e-8970-4a4e-9d7d-a6b9328a676a@no-reply.base44.com","false"
"","","","","","https://base44.app/api/apps/6a39c9aee54efe3a86d6d69a/files/mp/public/6a39c9aee54efe3a86d6d69a/816d1e7ad_card_art.jpg","","","Daño = 16 × (AD/18). Pesado (-2 velocidad).","","true","","","lento","","69","","16","lento","","","","11","","","","","{""ability_name"":null,""ability_text"":null,""elite_ability_name"":null,""elite_ability_text"":null,""name"":""Medieval Cannon"",""description"":""Damage = 16 × (AD/18). Heavy (-2 speed)."",""tag"":""SLOW"",""title"":null}","","rw_cannon","","","","","","","Cañón Medieval","","","","ranged_weapon","","","","6a3a8416b4f527100b1aa377","2026-06-23T13:03:18.451000","2026-08-04T13:16:08.686000","service_05f8c27e-8970-4a4e-9d7d-a6b9328a676a","service+05f8c27e-8970-4a4e-9d7d-a6b9328a676a@no-reply.base44.com","false"
"","","","","","https://base44.app/api/apps/6a39c9aee54efe3a86d6d69a/files/mp/public/6a39c9aee54efe3a86d6d69a/13873a057_card_art.jpg","","","Daño = 20 × (AD/18). La cima del arsenal a distancia.","","true","","","top","","70","","20","top","","","","14","","","","","{""ability_name"":null,""ability_text"":null,""elite_ability_name"":null,""elite_ability_text"":null,""name"":""Plasma Cannon"",""description"":""Damage = 20 × (AD/18). The pinnacle of ranged weaponry."",""tag"":""TOP"",""title"":null}","","rw_plasma","","","","","","","Cañón de Plasma","","","","ranged_weapon","","","","6a3a8416b4f527100b1aa378","2026-06-23T13:03:18.451000","2026-08-04T13:16:08.686000","service_05f8c27e-8970-4a4e-9d7d-a6b9328a676a","service+05f8c27e-8970-4a4e-9d7d-a6b9328a676a@no-reply.base44.com","false"
"","","","","","https://base44.app/api/apps/6a39c9aee54efe3a86d6d69a/files/mp/public/6a39c9aee54efe3a86d6d69a/edaa2ab0a_card_art.jpg","","","Mágico: ignora media armadura. Daño = 11 × (AD/18).","","true","","","perfora","","71","","11","perfora","","","","9","","","","","{""ability_name"":null,""ability_text"":null,""elite_ability_name"":null,""elite_ability_text"":null,""name"":""Elven Bow"",""description"":""Magical: ignores half armor. Damage = 11 × (AD/18)."",""tag"":""PIERCE"",""title"":null}","","rw_elfbow","","","","","","","Arco Élfico","","","","ranged_weapon","","","","6a3a8416b4f527100b1aa379","2026-06-23T13:03:18.451000","2026-08-04T13:16:08.686000","service_05f8c27e-8970-4a4e-9d7d-a6b9328a676a","service+05f8c27e-8970-4a4e-9d7d-a6b9328a676a@no-reply.base44.com","false"
"","","","","","https://base44.app/api/apps/6a39c9aee54efe3a86d6d69a/files/mp/public/6a39c9aee54efe3a86d6d69a/3e0d91312_card_art.jpg","","","Mágico: ignora toda la armadura. Daño = 15 × (AD/18).","","true","","","mágico","","72","","15","mágico","","","","12","","","","","{""ability_name"":null,""ability_text"":null,""elite_ability_name"":null,""elite_ability_text"":null,""name"":""Photon Rifle"",""description"":""Magical: ignores all armor. Damage = 15 × (AD/18)."",""tag"":""MAGIC"",""title"":null}","","rw_photon","","","","","","","Rifle de Fotones","","","","ranged_weapon","","","","6a3a8416b4f527100b1aa37a","2026-06-23T13:03:18.451000","2026-08-04T13:16:08.686000","service_05f8c27e-8970-4a4e-9d7d-a6b9328a676a","service+05f8c27e-8970-4a4e-9d7d-a6b9328a676a@no-reply.base44.com","false"
"","","","","","https://base44.app/api/apps/6a39c9aee54efe3a86d6d69a/files/mp/public/6a39c9aee54efe3a86d6d69a/6c922e797_card_art.jpg","","","'+6 CC.","","true","","","CC","","59","","","","","","6","7","","","","","{""ability_name"":null,""ability_text"":null,""elite_ability_name"":null,""elite_ability_text"":null,""name"":""Steel Sword"",""description"":""+6 CC."",""tag"":null,""title"":null}","","mw_sword","","","","","","","Espada de Acero","","","","melee_weapon","","","","6a3a8416b4f527100b1aa37b","2026-06-23T13:03:18.451000","2026-08-04T13:16:08.686000","service_05f8c27e-8970-4a4e-9d7d-a6b9328a676a","service+05f8c27e-8970-4a4e-9d7d-a6b9328a676a@no-reply.base44.com","false"
"","","","","","https://base44.app/api/apps/6a39c9aee54efe3a86d6d69a/files/mp/public/6a39c9aee54efe3a86d6d69a/828648f8a_card_art.jpg","","","'+7 CC.","","true","","","CC","","60","","","","","","7","8","","","","","{""ability_name"":null,""ability_text"":null,""elite_ability_name"":null,""elite_ability_text"":null,""name"":""Heavy Mace"",""description"":""+7 CC."",""tag"":null,""title"":null}","","mw_mace","","","","","","","Maza Pesada","","","","melee_weapon","","","","6a3a8416b4f527100b1aa37c","2026-06-23T13:03:18.451000","2026-08-04T13:16:08.686000","service_05f8c27e-8970-4a4e-9d7d-a6b9328a676a","service+05f8c27e-8970-4a4e-9d7d-a6b9328a676a@no-reply.base44.com","false"
"","","","","","https://base44.app/api/apps/6a39c9aee54efe3a86d6d69a/files/mp/public/6a39c9aee54efe3a86d6d69a/ea38929ea_card_art.jpg","","","'+8 CC.","","true","","","CC","","61","","","","","","8","9","","","","","{""ability_name"":null,""ability_text"":null,""elite_ability_name"":null,""elite_ability_text"":null,""name"":""War Axe"",""description"":""+8 CC."",""tag"":null,""title"":null}","","mw_axe","","","","","","","Hacha de Guerra","","","","melee_weapon","","","","6a3a8416b4f527100b1aa37d","2026-06-23T13:03:18.451000","2026-08-04T13:16:08.686000","service_05f8c27e-8970-4a4e-9d7d-a6b9328a676a","service+05f8c27e-8970-4a4e-9d7d-a6b9328a676a@no-reply.base44.com","false"
"","","","","","https://base44.app/api/apps/6a39c9aee54efe3a86d6d69a/files/mp/public/6a39c9aee54efe3a86d6d69a/7a8e8d5c1_card_art.jpg","","","'+5 CC y +3 velocidad.","","true","","","'+veloc","","62","","","'+veloc","","","5","7","","","","","{""ability_name"":null,""ability_text"":null,""elite_ability_name"":null,""elite_ability_text"":null,""name"":""Speedy Dagger"",""description"":""+5 CC and +3 speed."",""tag"":""+SPEED"",""title"":null}","","mw_dagger","","","","","","","Daga Veloz","","","","melee_weapon","","","","6a3a8416b4f527100b1aa37e","2026-06-23T13:03:18.451000","2026-08-04T13:16:08.686000","service_05f8c27e-8970-4a4e-9d7d-a6b9328a676a","service+05f8c27e-8970-4a4e-9d7d-a6b9328a676a@no-reply.base44.com","false"
"","","","","","https://base44.app/api/apps/6a39c9aee54efe3a86d6d69a/files/mp/public/6a39c9aee54efe3a86d6d69a/7dfa23985_card_art.jpg","","","'+10 CC. Mágica.","","true","","","mágico","","63","","","mágico","","","10","12","","","","","{""ability_name"":null,""ability_text"":null,""elite_ability_name"":null,""elite_ability_text"":null,""name"":""Plasma Blade"",""description"":""+10 CC. Magical."",""tag"":""MAGIC"",""title"":null}","","mw_plasma","","","","","","","Espada Plasmática","","","","melee_weapon","","","","6a3a8416b4f527100b1aa37f","2026-06-23T13:03:18.451000","2026-08-04T13:16:08.686000","service_05f8c27e-8970-4a4e-9d7d-a6b9328a676a","service+05f8c27e-8970-4a4e-9d7d-a6b9328a676a@no-reply.base44.com","false"
"","","","","","https://base44.app/api/apps/6a39c9aee54efe3a86d6d69a/files/mp/public/6a39c9aee54efe3a86d6d69a/ff4bb3aa3_card_art.jpg","","","'+9 CC. Golpes mágicos imparables.","","true","","","mágico","","64","","","mágico","","","9","12","","","","","{""ability_name"":null,""ability_text"":null,""elite_ability_name"":null,""elite_ability_text"":null,""name"":""Thunder Hammer"",""description"":""+9 CC. Unstoppable magical hits."",""tag"":""MAGIC"",""title"":null}","","mw_thunder","","","","","","","Martillo del Trueno","","","","melee_weapon","","","","6a3a8416b4f527100b1aa380","2026-06-23T13:03:18.451000","2026-08-04T13:16:08.686000","service_05f8c27e-8970-4a4e-9d7d-a6b9328a676a","service+05f8c27e-8970-4a4e-9d7d-a6b9328a676a@no-reply.base44.com","false"
"","","","","","https://base44.app/api/apps/6a39c9aee54efe3a86d6d69a/files/mp/public/6a39c9aee54efe3a86d6d69a/12fe43ed0_card_art.jpg","","8","'+8 HP. -2 al daño cuerpo a cuerpo y a distancia.","","true","","","ARMOR","","73","","","","","","","7","","","","","{""ability_name"":null,""ability_text"":null,""elite_ability_name"":null,""elite_ability_text"":null,""name"":""Leather Armor"",""description"":""+8 HP. -2 to melee and ranged damage."",""tag"":null,""title"":null}","","ar_leather","","","","","","","Armadura de Cuero","","","","armor","","","","6a3a8416b4f527100b1aa381","2026-06-23T13:03:18.451000","2026-08-04T13:16:08.686000","service_05f8c27e-8970-4a4e-9d7d-a6b9328a676a","service+05f8c27e-8970-4a4e-9d7d-a6b9328a676a@no-reply.base44.com","false"
"","","","","","https://base44.app/api/apps/6a39c9aee54efe3a86d6d69a/files/mp/public/6a39c9aee54efe3a86d6d69a/32f8918fb_card_art.jpg","","12","'+12 HP. -4 c/c y a distancia, -1 hechizos.","","true","","","ARMOR","","74","","","","","","","9","","","","","{""ability_name"":null,""ability_text"":null,""elite_ability_name"":null,""elite_ability_text"":null,""name"":""Chainmail"",""description"":""+12 HP. -4 melee and ranged, -1 HE."",""tag"":null,""title"":null}","","ar_mail","","","","","","","Cota de Malla","","","","armor","","","","6a3a8416b4f527100b1aa382","2026-06-23T13:03:18.451000","2026-08-04T13:16:08.686000","service_05f8c27e-8970-4a4e-9d7d-a6b9328a676a","service+05f8c27e-8970-4a4e-9d7d-a6b9328a676a@no-reply.base44.com","false"
"","","","","","https://base44.app/api/apps/6a39c9aee54efe3a86d6d69a/files/mp/public/6a39c9aee54efe3a86d6d69a/4575ed562_card_art.jpg","","16","'+16 HP. -6 c/c, -5 a distancia, -2 hechizos.","","true","","","ARMOR","","75","","","","","","","12","","","","","{""ability_name"":null,""ability_text"":null,""elite_ability_name"":null,""elite_ability_text"":null,""name"":""Plate Armor"",""description"":""+16 HP. -6 melee, -5 ranged, -2 HE."",""tag"":null,""title"":null}","","ar_plate","","","","","","","Armadura de Placas","","","","armor","","","","6a3a8416b4f527100b1aa383","2026-06-23T13:03:18.451000","2026-08-04T13:16:08.686000","service_05f8c27e-8970-4a4e-9d7d-a6b9328a676a","service+05f8c27e-8970-4a4e-9d7d-a6b9328a676a@no-reply.base44.com","false"
"","","","","","https://base44.app/api/apps/6a39c9aee54efe3a86d6d69a/files/mp/public/6a39c9aee54efe3a86d6d69a/021d1e4f5_card_art.jpg","","10","'+10 HP. -6 al daño de hechizos. Mágico.","","true","","","mágico","","76","","","mágico","","","","10","","","","","{""ability_name"":null,""ability_text"":null,""elite_ability_name"":null,""elite_ability_text"":null,""name"":""Arcane Mantle"",""description"":""+10 HP. -6 to HE damage. Magical."",""tag"":""MAGIC"",""title"":null}","","ar_arcane","","","","","","","Manto Arcano","","","","armor","","","","6a3a8416b4f527100b1aa384","2026-06-23T13:03:18.452000","2026-08-04T13:16:08.686000","service_05f8c27e-8970-4a4e-9d7d-a6b9328a676a","service+05f8c27e-8970-4a4e-9d7d-a6b9328a676a@no-reply.base44.com","false"
"","","","","","https://base44.app/api/apps/6a39c9aee54efe3a86d6d69a/files/mp/public/6a39c9aee54efe3a86d6d69a/cb4bfeb82_card_art.jpg","","12","'+12 HP. -3 c/c, -4 a distancia y -4 hechizos. Mágica.","","true","","","mágico","","77","","","mágico","","","","12","","","","","{""ability_name"":null,""ability_text"":null,""elite_ability_name"":null,""elite_ability_text"":null,""name"":""Crystal Aegis"",""description"":""+12 HP. -3 melee, -4 ranged and -4 HE. Magical."",""tag"":""MAGIC"",""title"":null}","","ar_aegis","","","","","","","Égida de Cristal","","","","armor","","","","6a3a8416b4f527100b1aa385","2026-06-23T13:03:18.452000","2026-08-04T13:16:08.686000","service_05f8c27e-8970-4a4e-9d7d-a6b9328a676a","service+05f8c27e-8970-4a4e-9d7d-a6b9328a676a@no-reply.base44.com","false"
"","","","","","https://base44.app/api/apps/6a39c9aee54efe3a86d6d69a/files/mp/public/6a39c9aee54efe3a86d6d69a/1e535b9c3_card_art.jpg","","14","'+14 HP. -3 a todo y +2 HP por turno. Mágica.","","true","","","mágico","","78","","","mágico","","","","13","","","","","{""ability_name"":null,""ability_text"":null,""elite_ability_name"":null,""elite_ability_text"":null,""name"":""Exosuit"",""description"":""+14 HP. -3 to all and +2 HP per turn. Magical."",""tag"":""MAGIC"",""title"":null}","","ar_exo","","","","","","","Exoarmadura","","","","armor","","","","6a3a8416b4f527100b1aa386","2026-06-23T13:03:18.452000","2026-08-04T13:16:08.686000","service_05f8c27e-8970-4a4e-9d7d-a6b9328a676a","service+05f8c27e-8970-4a4e-9d7d-a6b9328a676a@no-reply.base44.com","false"
"","","","","","https://base44.app/api/apps/6a39c9aee54efe3a86d6d69a/files/mp/public/6a39c9aee54efe3a86d6d69a/34e86e8d9_card_art.jpg","","12","'+12 HP. NIEGA el daño de hechizos de FUEGO. -3 al daño físico.","","true","","","elemental","","79","","","elemental","","","","12","","","","","{""ability_name"":null,""ability_text"":null,""elite_ability_name"":null,""elite_ability_text"":null,""name"":""Water Armor"",""description"":""+12 HP. NEGATES FIRE HE damage. -3 to physical damage."",""tag"":""ELEMENTAL"",""title"":null}","","ar_water","","","","","","","Armadura de Agua","","","","armor","","","","6a3a8416b4f527100b1aa387","2026-06-23T13:03:18.452000","2026-08-04T13:16:08.686000","service_05f8c27e-8970-4a4e-9d7d-a6b9328a676a","service+05f8c27e-8970-4a4e-9d7d-a6b9328a676a@no-reply.base44.com","false"
"","","","","","https://base44.app/api/apps/6a39c9aee54efe3a86d6d69a/files/mp/public/6a39c9aee54efe3a86d6d69a/f93c84f2c_card_art.jpg","","12","'+12 HP. NIEGA el daño de hechizos de AGUA. -3 al daño físico.","","true","","","elemental","","80","","","elemental","","","","12","","","","","{""ability_name"":null,""ability_text"":null,""elite_ability_name"":null,""elite_ability_text"":null,""name"":""Lightning Armor"",""description"":""+12 HP. NEGATES WATER HE damage. -3 to physical damage."",""tag"":""ELEMENTAL"",""title"":null}","","ar_thunder","","","","","","","Armadura de Rayo","","","","armor","","","","6a3a8416b4f527100b1aa388","2026-06-23T13:03:18.452000","2026-08-04T13:16:08.686000","service_05f8c27e-8970-4a4e-9d7d-a6b9328a676a","service+05f8c27e-8970-4a4e-9d7d-a6b9328a676a@no-reply.base44.com","false"
"","","","","","https://base44.app/api/apps/6a39c9aee54efe3a86d6d69a/files/mp/public/6a39c9aee54efe3a86d6d69a/0d2cb1d71_card_art.jpg","","12","'+12 HP. NIEGA el daño de hechizos de RAYO. -3 al daño físico.","","true","","","elemental","","81","","","elemental","","","","12","","","","","{""ability_name"":null,""ability_text"":null,""elite_ability_name"":null,""elite_ability_text"":null,""name"":""Ice Armor"",""description"":""+12 HP. NEGATES LIGHTNING HE damage. -3 to physical damage."",""tag"":""ELEMENTAL"",""title"":null}","","ar_ice","","","","","","","Armadura de Hielo","","","","armor","","","","6a3a8416b4f527100b1aa389","2026-06-23T13:03:18.452000","2026-08-04T13:16:08.686000","service_05f8c27e-8970-4a4e-9d7d-a6b9328a676a","service+05f8c27e-8970-4a4e-9d7d-a6b9328a676a@no-reply.base44.com","false"
"","","","","","https://base44.app/api/apps/6a39c9aee54efe3a86d6d69a/files/mp/public/6a39c9aee54efe3a86d6d69a/c7c746140_card_art.jpg","","12","'+12 HP. NIEGA el daño de hechizos de HIELO. -3 al daño físico.","","true","","","elemental","","82","","","elemental","","","","12","","","","","{""ability_name"":null,""ability_text"":null,""elite_ability_name"":null,""elite_ability_text"":null,""name"":""Fire Armor"",""description"":""+12 HP. NEGATES ICE HE damage. -3 to physical damage."",""tag"":""ELEMENTAL"",""title"":null}","","ar_fire","","","","","","","Armadura de Fuego","","","","armor","","","","6a3a8416b4f527100b1aa38a","2026-06-23T13:03:18.452000","2026-08-04T13:16:08.686000","service_05f8c27e-8970-4a4e-9d7d-a6b9328a676a","service+05f8c27e-8970-4a4e-9d7d-a6b9328a676a@no-reply.base44.com","false"
"","","https://media.base44.com/images/public/6a39c9aee54efe3a86d6d69a/22f5ee64b_generated_image.png","","","https://base44.app/api/apps/6a39c9aee54efe3a86d6d69a/files/mp/public/6a39c9aee54efe3a86d6d69a/76891e550_card_art.jpg","","","Cura 18 HP a un aliado.","","true","fondo negro","","curación","","83","","","curación","","","","6","","","","","{""ability_name"":null,""ability_text"":null,""elite_ability_name"":null,""elite_ability_text"":null,""name"":""Health Potion"",""description"":""Heals 18 HP to an ally."",""tag"":""HEALING"",""title"":null}","","ob_pot","drink","","","","","","Poción de Vida","","","","object","","","","6a3a8416b4f527100b1aa38b","2026-06-23T13:03:18.452000","2026-08-17T00:46:21.926000","service_05f8c27e-8970-4a4e-9d7d-a6b9328a676a","service+05f8c27e-8970-4a4e-9d7d-a6b9328a676a@no-reply.base44.com","false"
"","","https://media.base44.com/images/public/6a39c9aee54efe3a86d6d69a/ae43a8dc8_generated_image.png","","","https://base44.app/api/apps/6a39c9aee54efe3a86d6d69a/files/mp/public/6a39c9aee54efe3a86d6d69a/8fd2071ef_card_art.jpg","","","Cura 30 HP a un aliado.","","true","fondo negro,","","curación","","84","","","curación","","","","10","","","","","{""ability_name"":null,""ability_text"":null,""elite_ability_name"":null,""elite_ability_text"":null,""name"":""Major Potion"",""description"":""Heals 30 HP to an ally."",""tag"":""HEALING"",""title"":null}","","ob_potbig","drink","","","","","","Poción Mayor","","","","object","","","","6a3a8416b4f527100b1aa38c","2026-06-23T13:03:18.452000","2026-08-18T11:01:28.741000","service_05f8c27e-8970-4a4e-9d7d-a6b9328a676a","service+05f8c27e-8970-4a4e-9d7d-a6b9328a676a@no-reply.base44.com","false"
"","","https://media.base44.com/images/public/6a39c9aee54efe3a86d6d69a/2698e47ce_generated_image.png","","","https://base44.app/api/apps/6a39c9aee54efe3a86d6d69a/files/mp/public/6a39c9aee54efe3a86d6d69a/9b1a3b062_card_art.jpg","","","Restaura 20 de maná a un aliado.","","true","fondo negro","","maná","","85","","","maná","","","","8","","","","","{""ability_name"":null,""ability_text"":null,""elite_ability_name"":null,""elite_ability_text"":null,""name"":""Mana Crystal"",""description"":""Restores 20 mana to an ally."",""tag"":""MANA"",""title"":null}","","ob_mana","magic","","","","","","Cristal de Maná","","","","object","","","","6a3a8416b4f527100b1aa38d","2026-06-23T13:03:18.452000","2026-08-17T00:46:31.530000","service_05f8c27e-8970-4a4e-9d7d-a6b9328a676a","service+05f8c27e-8970-4a4e-9d7d-a6b9328a676a@no-reply.base44.com","false"
"","","https://media.base44.com/images/public/6a39c9aee54efe3a86d6d69a/ba6bb389a_generated_image.png","","","https://base44.app/api/apps/6a39c9aee54efe3a86d6d69a/files/mp/public/6a39c9aee54efe3a86d6d69a/efd00db9e_card_art.jpg","","","Restaura 40 de maná a un aliado.","","true","fondo negro","","maná","","86","","","maná","","","","13","","","","","{""ability_name"":null,""ability_text"":null,""elite_ability_name"":null,""elite_ability_text"":null,""name"":""Mana Orb"",""description"":""Restores 40 mana to an ally."",""tag"":""MANA"",""title"":null}","","ob_manabig","magic","","","","","","Orbe de Maná","","","","object","","","","6a3a8416b4f527100b1aa38e","2026-06-23T13:03:18.452000","2026-08-17T00:46:36.524000","service_05f8c27e-8970-4a4e-9d7d-a6b9328a676a","service+05f8c27e-8970-4a4e-9d7d-a6b9328a676a@no-reply.base44.com","false"
"","","https://media.base44.com/images/public/6a39c9aee54efe3a86d6d69a/00390a0d1_generated_image.png","","","https://base44.app/api/apps/6a39c9aee54efe3a86d6d69a/files/mp/public/6a39c9aee54efe3a86d6d69a/8d1e5d967_card_art.jpg","","","Escudo de 12 que absorbe daño en un aliado.","","true","fondo negro","","protección","","87","","","protección","","","","7","","","","","{""ability_name"":null,""ability_text"":null,""elite_ability_name"":null,""elite_ability_text"":null,""name"":""Energy Shield"",""description"":""Shield of 12 that absorbs damage on an ally."",""tag"":""PROTECTION"",""title"":null}","","ob_shield","magic","","","","","","Escudo de Energía","","","","object","","","","6a3a8416b4f527100b1aa38f","2026-06-23T13:03:18.452000","2026-08-17T00:46:40.908000","service_05f8c27e-8970-4a4e-9d7d-a6b9328a676a","service+05f8c27e-8970-4a4e-9d7d-a6b9328a676a@no-reply.base44.com","false"
"","","https://media.base44.com/images/public/6a39c9aee54efe3a86d6d69a/9f264bb64_generated_image.png","","","https://base44.app/api/apps/6a39c9aee54efe3a86d6d69a/files/mp/public/6a39c9aee54efe3a86d6d69a/f45f7a61b_card_art.jpg","","","Elimina cualquier estado negativo del héroe.","","true","fondo negro","","protección","","88","","","protección","","","","5","","","","","{""ability_name"":null,""ability_text"":null,""elite_ability_name"":null,""elite_ability_text"":null,""name"":""Restore"",""description"":""Removes any negative state from the hero."",""tag"":""PROTECTION"",""title"":null}","","ob_cleanse","magic","","","","","","Sanar","","","","object","","","","6a3a8416b4f527100b1aa390","2026-06-23T13:03:18.452000","2026-08-17T00:46:45.676000","service_05f8c27e-8970-4a4e-9d7d-a6b9328a676a","service+05f8c27e-8970-4a4e-9d7d-a6b9328a676a@no-reply.base44.com","false"
"","","https://media.base44.com/images/public/6a39c9aee54efe3a86d6d69a/abf1cfbc8_generated_image.png","","","https://base44.app/api/apps/6a39c9aee54efe3a86d6d69a/files/mp/public/6a39c9aee54efe3a86d6d69a/c4a932f85_card_art.jpg","","","14 de daño directo a un rival (no escala).","","true","fondo negro","","daño","","89","","","daño","","","","8","","","","","{""ability_name"":null,""ability_text"":null,""elite_ability_name"":null,""elite_ability_text"":null,""name"":""Plasma Bomb"",""description"":""14 direct damage to a rival (does not scale)."",""tag"":""DAMAGE"",""title"":null}","","ob_bomb","kamikaze","","","","","","Bomba de Plasma","","","","object","","","","6a3a8416b4f527100b1aa391","2026-06-23T13:03:18.452000","2026-08-17T00:46:50.686000","service_05f8c27e-8970-4a4e-9d7d-a6b9328a676a","service+05f8c27e-8970-4a4e-9d7d-a6b9328a676a@no-reply.base44.com","false"
"","","https://media.base44.com/images/public/6a39c9aee54efe3a86d6d69a/cc96fe904_generated_image.png","","","https://base44.app/api/apps/6a39c9aee54efe3a86d6d69a/files/mp/public/6a39c9aee54efe3a86d6d69a/249690415_card_art.jpg","","","Revive a UN héroe caído con el 50% de su vida. El objeto más valorado.","","true","Bebé fénix renaciendo de una pluma ardiente en 3D, pequeño y envuelto en brasas, con aleteo vivo.","","REVIVIR","","90","","","REVIVIR","","","","16","","","","","{""ability_name"":null,""ability_text"":null,""elite_ability_name"":null,""elite_ability_text"":null,""name"":""Phoenix Feather"",""description"":""Revives ONE fallen hero with 50% of their life. The most valued object."",""tag"":""REVIVE"",""title"":null}","","ob_revive","","","","","","","Pluma Fénix","","","","object","","","","6a3a8416b4f527100b1aa392","2026-06-23T13:03:18.452000","2026-08-04T13:16:08.686000","service_05f8c27e-8970-4a4e-9d7d-a6b9328a676a","service+05f8c27e-8970-4a4e-9d7d-a6b9328a676a@no-reply.base44.com","false"
"","","https://media.base44.com/images/public/6a39c9aee54efe3a86d6d69a/caba9677e_generated_image.png","","","https://base44.app/api/apps/6a39c9aee54efe3a86d6d69a/files/mp/public/6a39c9aee54efe3a86d6d69a/254bd399c_card_art.jpg","","","Resucita a DOS héroes caídos y les restaura toda la vida. La carta cumbre.","","true","Ave Fénix resucitando entre llamas: fénix gigante en 3D girando con brasas ascendentes y plumas de fuego, emergiendo de las cenizas.","","SUPREMO","","91","","","SUPREMO","","","","30","","","","","{""ability_name"":null,""ability_text"":null,""elite_ability_name"":null,""elite_ability_text"":null,""name"":""Phoenix Bird"",""description"":""Heals TWO heroes and restores their full life. The pinnacle card."",""tag"":""SUPREME"",""title"":null}","","ob_phoenix","","","","","","","Ave Fénix","","","","object","","","","6a3a8416b4f527100b1aa393","2026-06-23T13:03:18.452000","2026-08-04T13:16:08.686000","service_05f8c27e-8970-4a4e-9d7d-a6b9328a676a","service+05f8c27e-8970-4a4e-9d7d-a6b9328a676a@no-reply.base44.com","false"
"","","","","","https://media.base44.com/images/public/6a39c9aee54efe3a86d6d69a/88ffc8b21_generated_image.png","","","'+25 al valor de tu puja.","","","","","BON","","92","","25","BID_ADD","","","","","","","","","{""ability_name"":null,""ability_text"":null,""elite_ability_name"":null,""elite_ability_text"":null,""name"":""Big Banker"",""description"":""+25 to your bid value."",""tag"":""BID_ADD"",""title"":null}","","ban","","","","","","","Gran Banquero","","","","bonus","","","","6a3a8416b4f527100b1aa394","2026-06-23T13:03:18.452000","2026-08-04T13:16:08.686000","service_05f8c27e-8970-4a4e-9d7d-a6b9328a676a","service+05f8c27e-8970-4a4e-9d7d-a6b9328a676a@no-reply.base44.com","false"
"","","","","","https://media.base44.com/images/public/6a39c9aee54efe3a86d6d69a/a644bca96_generated_image.png","","","'+20 al valor de tu puja.","","","","","BON","","93","","20","BID_ADD","","","","","","","","","{""ability_name"":null,""ability_text"":null,""elite_ability_name"":null,""elite_ability_text"":null,""name"":""Stock Broker"",""description"":""+20 to your bid value."",""tag"":""BID_ADD"",""title"":null}","","cor","","","","","","","Corredor de Bolsa","","","","bonus","","","","6a3a8416b4f527100b1aa395","2026-06-23T13:03:18.452000","2026-08-04T13:16:08.686000","service_05f8c27e-8970-4a4e-9d7d-a6b9328a676a","service+05f8c27e-8970-4a4e-9d7d-a6b9328a676a@no-reply.base44.com","false"
"","","","","","https://media.base44.com/images/public/6a39c9aee54efe3a86d6d69a/a5d3ecf52_generated_image.png","","","'+15 al valor de tu puja.","","","","","BON","","94","","15","BID_ADD","","","","","","","","","{""ability_name"":null,""ability_text"":null,""elite_ability_name"":null,""elite_ability_text"":null,""name"":""Mercader Zeta"",""description"":""+15 to your bid value."",""tag"":""BID_ADD"",""title"":null}","","mer","","","","","","","Mercader Zeta","","","","bonus","","","","6a3a8416b4f527100b1aa396","2026-06-23T13:03:18.452000","2026-08-04T13:16:08.686000","service_05f8c27e-8970-4a4e-9d7d-a6b9328a676a","service+05f8c27e-8970-4a4e-9d7d-a6b9328a676a@no-reply.base44.com","false"
"","","","","","https://media.base44.com/images/public/6a39c9aee54efe3a86d6d69a/a58e01097_generated_image.png","","","'+18 al valor de tu puja.","","","","","BON","","95","","18","BID_ADD","","","","","","","","","{""ability_name"":null,""ability_text"":null,""elite_ability_name"":null,""elite_ability_text"":null,""name"":""Financial Naut"",""description"":""+18 to your bid value."",""tag"":""BID_ADD"",""title"":null}","","nau","","","","","","","Nauta Financiero","","","","bonus","","","","6a3a8416b4f527100b1aa397","2026-06-23T13:03:18.452000","2026-08-04T13:16:08.686000","service_05f8c27e-8970-4a4e-9d7d-a6b9328a676a","service+05f8c27e-8970-4a4e-9d7d-a6b9328a676a@no-reply.base44.com","false"
"","","","","","https://media.base44.com/images/public/6a39c9aee54efe3a86d6d69a/664754ee3_generated_image.png","","","'+22 monedas ahora, -8 la próxima ronda.","","","","","BON","","96","","22","BID_ADD","","","","","","","","","{""ability_name"":null,""ability_text"":null,""elite_ability_name"":null,""elite_ability_text"":null,""name"":""The Moneylender"",""description"":""+22 coins now, -8 in the next round."",""tag"":""BID_ADD"",""title"":null}","","pre","","","","","","","La Prestamista","","","","bonus","","","","6a3a8416b4f527100b1aa398","2026-06-23T13:03:18.452000","2026-08-04T13:16:08.686000","service_05f8c27e-8970-4a4e-9d7d-a6b9328a676a","service+05f8c27e-8970-4a4e-9d7d-a6b9328a676a@no-reply.base44.com","false"
"","","","","","https://media.base44.com/images/public/6a39c9aee54efe3a86d6d69a/6c0160e33_generated_image.png","","","'+20 monedas para la fase de EQUIPAMIENTO.","","","","","EQP","","97","","20","EQP","","","","","","","","","{""ability_name"":null,""ability_text"":null,""elite_ability_name"":null,""elite_ability_text"":null,""name"":""Forge Boss"",""description"":""+20 coins for the EQUIPMENT phase."",""tag"":""EQP"",""title"":null}","","for","","","","","","","Patrón de Forja","","","","bonus","","","","6a3a8416b4f527100b1aa399","2026-06-23T13:03:18.452000","2026-08-04T13:16:08.686000","service_05f8c27e-8970-4a4e-9d7d-a6b9328a676a","service+05f8c27e-8970-4a4e-9d7d-a6b9328a676a@no-reply.base44.com","false"
"","","","","","https://media.base44.com/images/public/6a39c9aee54efe3a86d6d69a/fbe03869b_generated_image.png","","","'+15 monedas para la fase de EQUIPAMIENTO.","","","","","EQP","","98","","15","EQP","","","","","","","","","{""ability_name"":null,""ability_text"":null,""elite_ability_name"":null,""elite_ability_text"":null,""name"":""Royal Armorer"",""description"":""+15 coins for the EQUIPMENT phase."",""tag"":""EQP"",""title"":null}","","arm","","","","","","","Armero Real","","","","bonus","","","","6a3a8416b4f527100b1aa39a","2026-06-23T13:03:18.452000","2026-08-04T13:16:08.686000","service_05f8c27e-8970-4a4e-9d7d-a6b9328a676a","service+05f8c27e-8970-4a4e-9d7d-a6b9328a676a@no-reply.base44.com","false"
"","","","","","https://media.base44.com/images/public/6a39c9aee54efe3a86d6d69a/5369480ce_generated_image.png","","","El rival pierde 20 a su puja.","","","","","RES","","99","","20","BID_SUB","","","","","","","","","{""ability_name"":null,""ability_text"":null,""elite_ability_name"":null,""elite_ability_text"":null,""name"":""The Pirate"",""description"":""The rival loses 20 to their bid."",""tag"":""BID_SUB"",""title"":null}","","pir","","","","","","","El Pirata","","","","bonus","","","","6a3a8416b4f527100b1aa39b","2026-06-23T13:03:18.452000","2026-08-04T13:16:08.686000","service_05f8c27e-8970-4a4e-9d7d-a6b9328a676a","service+05f8c27e-8970-4a4e-9d7d-a6b9328a676a@no-reply.base44.com","false"
"","","","","","https://media.base44.com/images/public/6a39c9aee54efe3a86d6d69a/e5c4370fc_generated_image.png","","","El rival pierde 25 a su puja.","","","","","RES","","100","","25","BID_SUB","","","","","","","","","{""ability_name"":null,""ability_text"":null,""elite_ability_name"":null,""elite_ability_text"":null,""name"":""The Corsair"",""description"":""The rival loses 25 to their bid."",""tag"":""BID_SUB"",""title"":null}","","cor2","","","","","","","La Corsaria","","","","bonus","","","","6a3a8416b4f527100b1aa39c","2026-06-23T13:03:18.452000","2026-08-04T13:16:08.686000","service_05f8c27e-8970-4a4e-9d7d-a6b9328a676a","service+05f8c27e-8970-4a4e-9d7d-a6b9328a676a@no-reply.base44.com","false"
"","","","","","https://media.base44.com/images/public/6a39c9aee54efe3a86d6d69a/26219e884_generated_image.png","","","El rival pierde 15 a su puja.","","","","","RES","","101","","15","BID_SUB","","","","","","","","","{""ability_name"":null,""ability_text"":null,""elite_ability_name"":null,""elite_ability_text"":null,""name"":""Hacker Nexus"",""description"":""The rival loses 15 to their bid."",""tag"":""BID_SUB"",""title"":null}","","hac","","","","","","","Hacker Nexus","","","","bonus","","","","6a3a8416b4f527100b1aa39d","2026-06-23T13:03:18.452000","2026-08-04T13:16:08.686000","service_05f8c27e-8970-4a4e-9d7d-a6b9328a676a","service+05f8c27e-8970-4a4e-9d7d-a6b9328a676a@no-reply.base44.com","false"
"","","","","","https://media.base44.com/images/public/6a39c9aee54efe3a86d6d69a/1acefc0e0_generated_image.png","","","El rival pierde 12 a su puja.","","","","","RES","","102","","12","BID_SUB","","","","","","","","","{""ability_name"":null,""ability_text"":null,""elite_ability_name"":null,""elite_ability_text"":null,""name"":""Dry Bandit"",""description"":""The rival loses 12 to their bid."",""tag"":""BID_SUB"",""title"":null}","","ban2","","","","","","","Bandolero Seco","","","","bonus","","","","6a3a8416b4f527100b1aa39e","2026-06-23T13:03:18.452000","2026-08-04T13:16:08.686000","service_05f8c27e-8970-4a4e-9d7d-a6b9328a676a","service+05f8c27e-8970-4a4e-9d7d-a6b9328a676a@no-reply.base44.com","false"
"","","","","","https://media.base44.com/images/public/6a39c9aee54efe3a86d6d69a/77bc42e4f_generated_image.png","","","El rival pierde 10 a su puja.","","","","","RES","","103","","10","BID_SUB","","","","","","","","","{""ability_name"":null,""ability_text"":null,""elite_ability_name"":null,""elite_ability_text"":null,""name"":""Glitch"",""description"":""The rival loses 10 to their bid."",""tag"":""BID_SUB"",""title"":null}","","gli","","","","","","","Glitch","","","","bonus","","","","6a3a8416b4f527100b1aa39f","2026-06-23T13:03:18.452000","2026-08-04T13:16:08.686000","service_05f8c27e-8970-4a4e-9d7d-a6b9328a676a","service+05f8c27e-8970-4a4e-9d7d-a6b9328a676a@no-reply.base44.com","false"
"","","","","","https://media.base44.com/images/public/6a39c9aee54efe3a86d6d69a/ddf40d7ab_generated_image.png","","","En esta subasta sólo tú verás una criatura Épica para pujar.","","","","","BON","","104","","0","","","","","","","","","","{""ability_name"":null,""ability_text"":null,""elite_ability_name"":null,""elite_ability_text"":null,""name"":""Epic Summon"",""description"":""In this auction only you will see an Epic creature to bid on."",""tag"":null,""title"":null}","","epic_self","","","","","","","Convocatoria Épica","","","","bonus","","","","6a3a8416b4f527100b1aa3a0","2026-06-23T13:03:18.452000","2026-08-04T13:16:08.686000","service_05f8c27e-8970-4a4e-9d7d-a6b9328a676a","service+05f8c27e-8970-4a4e-9d7d-a6b9328a676a@no-reply.base44.com","false"
"","","","","","https://media.base44.com/images/public/6a39c9aee54efe3a86d6d69a/b08f41b13_generated_image.png","","","En esta subasta tu rival verá una criatura Épica para pujar.","","","","","RES","","105","","0","","","","","","","","","","{""ability_name"":null,""ability_text"":null,""elite_ability_name"":null,""elite_ability_text"":null,""name"":""Epic Rival Fate"",""description"":""In this auction your rival will see an Epic creature to bid on."",""tag"":null,""title"":null}","","epic_rival","","","","","","","Destino Épico Rival","","","","bonus","","","","6a3a8416b4f527100b1aa3a1","2026-06-23T13:03:18.452000","2026-08-04T13:16:08.686000","service_05f8c27e-8970-4a4e-9d7d-a6b9328a676a","service+05f8c27e-8970-4a4e-9d7d-a6b9328a676a@no-reply.base44.com","false"
"","","","","","https://media.base44.com/images/public/6a39c9aee54efe3a86d6d69a/0934ebffe_generated_image.png","","","'+15 monedas a tu total (permanente).","","","","","","","106","","","PERM","","","","","","","","","{""ability_name"":null,""ability_text"":null,""elite_ability_name"":null,""elite_ability_text"":null,""name"":""Gold Mine"",""description"":""+15 coins to your total (permanent)."",""tag"":""PERM"",""title"":null}","","mina","","","","","","","Mina de Oro","","","","bonus","","","","6a413ce5dd7b550c522b4e1f","2026-06-28T15:25:25.278000","2026-08-04T13:16:08.686000","service_05f8c27e-8970-4a4e-9d7d-a6b9328a676a","service+05f8c27e-8970-4a4e-9d7d-a6b9328a676a@no-reply.base44.com","false"
"","","","","","https://media.base44.com/images/public/6a39c9aee54efe3a86d6d69a/70f137c2b_generated_image.png","","","El rival pierde 15 monedas (permanente).","","","","","","","107","","","PERM","","","","","","","","","{""ability_name"":null,""ability_text"":null,""elite_ability_name"":null,""elite_ability_text"":null,""name"":""Fancy Thief"",""description"":""The rival loses 15 coins (permanent)."",""tag"":""PERM"",""title"":null}","","roba","","","","","","","Ladrón de Guante","","","","bonus","","","","6a413ce5ebc4d05371f80548","2026-06-28T15:25:25.498000","2026-08-04T13:16:08.686000","service_05f8c27e-8970-4a4e-9d7d-a6b9328a676a","service+05f8c27e-8970-4a4e-9d7d-a6b9328a676a@no-reply.base44.com","false"
"","","https://media.base44.com/images/public/6a39c9aee54efe3a86d6d69a/48f0023ab_generated_image.png","","","https://media.base44.com/images/public/6a39c9aee54efe3a86d6d69a/e0c8c5f87_generated_image.png","","","La carta cumbre del caos: transforma a un héroe del tablero (tuyo o del rival) en un objeto cotidiano con stats absurdas.","","","Robot gigante tipo Optimus que entra con sacudida mecánica, arcos eléctricos azules y destello final. Transformación épica, fondo negro puro, criatura aislada.","Mutación Arcana","arcano","","108","Transforma a uno de los 6 héroes (propio o rival) de forma totalmente aleatoria en un token sorpresivo (buffarra, lavadora, bañador, caja de zapatos o pez espato).","1","FOIL","true","","","25","","","","","{""ability_name"":null,""ability_text"":""Transforms one of the 6 heroes (yours or rival's) at random into a surprise token (old maid, washing machine, bathtub, shoe box or frog sword)."",""elite_ability_name"":null,""elite_ability_text"":null,""name"":""Transformer"",""description"":""The ultimate chaos card: transforms a hero on the board (yours or rival's) into an everyday object with absurd stats."",""tag"":""FOIL"",""title"":""Arcane Mutation""}","","sp_transform","","","","20","","","Transformer","","","","spell","","","","6a4286a6206c3c3bebffe30f","2026-06-29T14:52:22.796000","2026-08-04T13:16:08.686000","6a39c9aee54efe3a86d6d69b","marcoantoniogonzalezmuelas@gmail.com","false"
"https://media.base44.com/images/public/6a39c9aee54efe3a86d6d69a/5affbf86e_generated_image.png","25","https://media.base44.com/images/public/6a39c9aee54efe3a86d6d69a/1fcac90df_generated_image.png","Todos los rivales se marean y sufren -4 a sus stats por el olor.","","https://base44.app/api/apps/6a39c9aee54efe3a86d6d69a/files/mp/public/6a39c9aee54efe3a86d6d69a/85a2086e4_card_art.jpg","","18","Héroe token. Solo aparece cuando un héroe es transformado con Transformer.","https://media.base44.com/images/public/6a39c9aee54efe3a86d6d69a/d556c5ef7_generated_image.png","false","añadele patatas frito y huevo frito","Parrillera","CC","auto","109","Hace ""brum brum"" muy fuerte. No pasa nada en absoluto.","","TOKEN","","3","3","0","1","Gases Tóxicos","","","{""ability_name"":""Backfire"",""ability_text"":""Makes a very loud \""vroom vroom\"". Absolutely nothing happens."",""elite_ability_name"":""Toxic Gases"",""elite_ability_text"":""All rivals get dizzy and suffer -4 to their stats from the smell."",""name"":null,""description"":""Token hero. Appears only when a hero is transformed with Transformer."",""tag"":""TOKEN"",""title"":""Griller""}","","tk_buf","auto","Petardeo","#caa14a","","Añadele mongets (judías catalanes), y el efecto de los gases qeu salgan de la parte trasera del cuerpo, no de la boca.","https://media.base44.com/images/public/6a39c9aee54efe3a86d6d69a/f9f76c103_generated_image.png","La Butifarra","Bizarros","1","4","bizarro","https://base44.app/api/apps/6a39c9aee54efe3a86d6d69a/files/mp/public/6a39c9aee54efe3a86d6d69a/ae8776e4d_card_art.jpg","2","","6a4286a6206c3c3bebffe310","2026-06-29T14:52:22.796000","2026-09-09T13:02:48.370000","6a39c9aee54efe3a86d6d69b","marcoantoniogonzalezmuelas@gmail.com","false"
"https://media.base44.com/images/public/6a39c9aee54efe3a86d6d69a/7dd5b058b_generated_image.png","31","https://media.base44.com/images/public/6a39c9aee54efe3a86d6d69a/4688ebfea_generated_image.png","Lava el cerebro del rival: aturdimiento total por 2 turnos.","","https://base44.app/api/apps/6a39c9aee54efe3a86d6d69a/files/mp/public/6a39c9aee54efe3a86d6d69a/57f1541b8_card_art.jpg","","22","Héroe token. Solo aparece cuando un héroe es transformado con Transformer.","https://media.base44.com/images/public/6a39c9aee54efe3a86d6d69a/abe6fabfd_generated_image.png","false","","Centrifugado Final","HE","auto","110","Pone un programa de 90 minutos. Tarda un rato y no hace nada.","","TOKEN","","6","1","0","2","Programa Delicado","","","{""ability_name"":""Spin Cycle"",""ability_text"":""Sets a 90-minute cycle. Takes a while and does nothing."",""elite_ability_name"":""Delicate Cycle"",""elite_ability_text"":""Brainwashes the rival: total stun for 2 turns."",""name"":null,""description"":""Token hero. Appears only when a hero is transformed with Transformer."",""tag"":""TOKEN"",""title"":""Final Spin""}","","tk_lav","auto","Centrifugado","#caa14a","","","https://media.base44.com/images/public/6a39c9aee54efe3a86d6d69a/ae79dc296_generated_image.png","La Lavadora","Bizarros","3","1","bizarro","https://base44.app/api/apps/6a39c9aee54efe3a86d6d69a/files/mp/public/6a39c9aee54efe3a86d6d69a/0358baec5_card_art.jpg","4","","6a4286a6206c3c3bebffe311","2026-06-29T14:52:22.796000","2026-09-09T13:03:28.209000","6a39c9aee54efe3a86d6d69b","marcoantoniogonzalezmuelas@gmail.com","false"
"https://media.base44.com/images/public/6a39c9aee54efe3a86d6d69a/34a164163_generated_image.png","21","https://media.base44.com/images/public/6a39c9aee54efe3a86d6d69a/82b510a50_generated_image.png","Deja Confuso a un rival durante 3 turnos.","","https://base44.app/api/apps/6a39c9aee54efe3a86d6d69a/files/mp/public/6a39c9aee54efe3a86d6d69a/6551d4340_card_art.jpg","","15","Héroe token. Solo aparece cuando un héroe es transformado con Transformer.","https://media.base44.com/images/public/6a39c9aee54efe3a86d6d69a/7fbbdbc7a_generated_image.png","false","Que no salga personaje alguno, sólo el bañador cocinando la paella y con gorro de chef de cocina","Rositas Serigrafiadas","AD","auto","111","Sirve una paella imposible a un rival y lo deja Confuso durante 2 turnos.","","TOKEN","","1","2","0","3","Paella del Caos","","","{""ability_name"":""Impossible Paella"",""ability_text"":""Serve an impossible paella to a rival, leaving them Confused for 2 turns."",""elite_ability_name"":""Chaos Paella"",""elite_ability_text"":""Leave a rival Confused for 3 turns."",""name"":null,""description"":""Token hero. Only appears when a hero is transformed with Transformer."",""tag"":""TOKEN"",""title"":""Screen-Printed Roses""}","","tk_ban","auto","Paella Imposible","#caa14a","","El bañador sin personaje y que salga haciedno viento para enfriar a la paella que quema mucho","https://media.base44.com/images/public/6a39c9aee54efe3a86d6d69a/02a398be5_generated_image.png","El Bañador","Bizarros","4","3","bizarro","https://base44.app/api/apps/6a39c9aee54efe3a86d6d69a/files/mp/public/6a39c9aee54efe3a86d6d69a/f3e3801ea_card_art.jpg","1","","6a4286a6206c3c3bebffe312","2026-06-29T14:52:22.796000","2026-09-09T13:21:39.520000","6a39c9aee54efe3a86d6d69b","marcoantoniogonzalezmuelas@gmail.com","false"
"https://media.base44.com/images/public/6a39c9aee54efe3a86d6d69a/38c6f5438_generated_image.png","35","https://media.base44.com/images/public/6a39c9aee54efe3a86d6d69a/16d504002_generated_image.png","Lanza un zapato viejo radiactivo. Ignora defensa y humilla al rival.","","https://base44.app/api/apps/6a39c9aee54efe3a86d6d69a/files/mp/public/6a39c9aee54efe3a86d6d69a/996283b89_card_art.jpg","","25","Héroe token. Solo aparece cuando un héroe es transformado con Transformer.","https://media.base44.com/images/public/6a39c9aee54efe3a86d6d69a/5811f16c3_generated_image.png","false","Fondo negro","Cartón Legendario","CC","auto","112","Guarda un zapato dentro. Nadie sabe para qué.","","TOKEN","","1","4","0","2","Zapatillazo","","","{""ability_name"":""Store a Shoe"",""ability_text"":""Stores a shoe inside. No one knows why."",""elite_ability_name"":""Shoe Throw"",""elite_ability_text"":""Throws a radioactive old shoe. Ignores defense and humiliates the rival."",""name"":null,""description"":""Token hero. Appears only when a hero is transformed with Transformer."",""tag"":""TOKEN"",""title"":""Legendary Cardboard""}","","tk_caj","auto","Guardar un Zapato","#caa14a","","Fondo negro","https://media.base44.com/images/public/6a39c9aee54efe3a86d6d69a/9845b763b_generated_image.png","La Caja de Zapatos","Bizarros","3","6","bizarro","https://base44.app/api/apps/6a39c9aee54efe3a86d6d69a/files/mp/public/6a39c9aee54efe3a86d6d69a/dff50b85f_card_art.jpg","1","","6a4286a6206c3c3bebffe313","2026-06-29T14:52:22.796000","2026-09-09T13:23:43","6a39c9aee54efe3a86d6d69b","marcoantoniogonzalezmuelas@gmail.com","false"
"https://media.base44.com/images/public/6a39c9aee54efe3a86d6d69a/c714a6998_generated_image.png","28","https://media.base44.com/images/public/6a39c9aee54efe3a86d6d69a/70eac5686_generated_image.png","Emborracha a un rival durante 3 turnos: -3 a sus atributos y 3 de daño.","","https://base44.app/api/apps/6a39c9aee54efe3a86d6d69a/files/mp/public/6a39c9aee54efe3a86d6d69a/a050e88e8_card_art.jpg","","20","Héroe token. Solo aparece cuando un héroe es transformado con Transformer.","https://media.base44.com/images/public/6a39c9aee54efe3a86d6d69a/695bc05d6_generated_image.png","false","","De Tres Ojos","AD","kamikaze","113","Emborracha a un rival durante 2 turnos: -3 a sus atributos y 3 de daño.","","TOKEN","","4","2","0","4","Licor Abisal","","","{""ability_name"":""Three-Eyed Liquor"",""ability_text"":""Drunks a rival for 2 turns: -3 to their attributes and 3 damage."",""elite_ability_name"":""Abyssal Liquor"",""elite_ability_text"":""Drunks a rival for 3 turns: -3 to their attributes and 3 damage."",""name"":null,""description"":""Token hero. Appears only when a hero is transformed with Transformer."",""tag"":""TOKEN"",""title"":""Three-Eyed""}","","tk_pez","zoom_in","Licor de Tres Ojos","#caa14a","","","https://media.base44.com/images/public/6a39c9aee54efe3a86d6d69a/6a20597d1_generated_image.png","El Pez Espada","Bizarros","6","3","bizarro","https://base44.app/api/apps/6a39c9aee54efe3a86d6d69a/files/mp/public/6a39c9aee54efe3a86d6d69a/a33e1a547_card_art.jpg","3","","6a4286a6206c3c3bebffe314","2026-06-29T14:52:22.796000","2026-09-09T13:25:13.138000","6a39c9aee54efe3a86d6d69b","marcoantoniogonzalezmuelas@gmail.com","false"
"https://media.base44.com/images/public/6a39c9aee54efe3a86d6d69a/d713f7159_generated_image.png","45","https://media.base44.com/images/public/6a39c9aee54efe3a86d6d69a/57eaa6854_generated_image.png","Cuando recibe daño, refracta la mitad de ese daño como daño mágico a cada uno de los rivales vivos.","","https://base44.app/api/apps/6a39c9aee54efe3a86d6d69a/files/mp/public/6a39c9aee54efe3a86d6d69a/1f1c7f50c_card_art.jpg","true","35","Una maga capaz de manipular las leyes de la física para devolver los ataques de sus enemigos contra ellos mismos.","https://media.base44.com/images/public/6a39c9aee54efe3a86d6d69a/2104d6c96_generated_image.png","true","añade una pieza de ajedrez","Mater Llanguage","HE","headbutt","114","Cuando recibe daño, refracta la mitad de ese daño como daño mágico al rival que la ha herido.","6","club","","10","4","24","2","Supernova Espejada","{""icon_url"":null,""icon_prompt"":null,""tipo"":""permanent"",""flag"":""_bfRefract"",""color"":""#c79bff"",""icon"":""✦"",""label"":""Refracción""}","","{""ability_name"":""Arcane Refraction"",""ability_text"":""When receiving damage, refract half of that damage as magical damage to the rival who wounded her."",""elite_ability_name"":""Mirrored Supernova"",""elite_ability_text"":""When receiving damage, refract half of that damage as magical damage to each living rival."",""name"":null,""description"":""A mage capable of manipulating the laws of physics to reflect her enemies' attacks right back at them."",""tag"":""club"",""title"":""Mater Llanguage""}","","juni","drink","Refracción Arcana","#6644cc","30","enseñando a jugar al ajedrez","https://media.base44.com/images/public/6a39c9aee54efe3a86d6d69a/b6625cae3_generated_image.png","Juniana","Magos","3","6","hero","https://base44.app/api/apps/6a39c9aee54efe3a86d6d69a/files/mp/public/6a39c9aee54efe3a86d6d69a/bf92b31b9_card_art.jpg","10","10","6a4fc6ae5367b055a3487a6f","2026-07-09T16:05:02.107000","2026-09-18T10:18:26.330000","6a4fc61d3ffd932e416717f6","lorcasomoza360@gmail.com","false"
"https://media.base44.com/images/public/6a39c9aee54efe3a86d6d69a/1eb0da12f_generated_image.png","40","https://media.base44.com/images/public/6a39c9aee54efe3a86d6d69a/840b47b0a_generated_image.png","Invoca 2 tokens de Patito de Goma con 2 de vida; si un enemigo ataca a un patito, recibe 3 de daño directo.","","https://base44.app/api/apps/6a39c9aee54efe3a86d6d69a/files/mp/public/6a39c9aee54efe3a86d6d69a/b78e10a89_card_art.jpg","","30","Una bandada de patos de goma con malas pulgas que ha decidido conquistar el pantano.","https://media.base44.com/images/public/6a39c9aee54efe3a86d6d69a/c40fc88dd_generated_image.png","true","Sólo ha de salir un patito de goma simpático con un pico de la mina, que no salga el héroe Killerducks","KillerDucks","AD","","115","Invoca 1 token de Patito de Goma con 1 de vida que bloquea ataques enemigos durante 1 turno.","6","","true","5","4","42","18","Estampida de Patos","","","{""ability_name"":""Quack-osmia"",""ability_text"":""Summon 1 Rubber Duck token with 1 health that blocks enemy attacks for 1 turn."",""elite_ability_name"":""Duck Stampede"",""elite_ability_text"":""Summon 2 Rubber Duck tokens with 2 health; if an enemy attacks a duck, they take 3 direct damage."",""name"":null,""description"":""A flock of grumpy rubber ducks that has decided to conquer the swamp."",""tag"":null,""title"":""KillerDucks""}","true","killerducks","","Cuac-osmia","#cc88ff","12","estampida de patitos de goma disparando metralletas, casquillos y fogonazos épicos 💥","https://media.base44.com/images/public/6a39c9aee54efe3a86d6d69a/038d535ca_generated_image.png","KillerDucks","Épicas","19","6","hero","https://base44.app/api/apps/6a39c9aee54efe3a86d6d69a/files/mp/public/6a39c9aee54efe3a86d6d69a/cba029a97_card_art.jpg","3","","6a50b33abf2407d2789f09a4","2026-07-10T08:54:18.109000","2026-09-09T13:15:03.570000","6a39c9aee54efe3a86d6d69b","marcoantoniogonzalezmuelas@gmail.com","false"
"https://media.base44.com/images/public/6a39c9aee54efe3a86d6d69a/d156153eb_generated_image.png","15","https://media.base44.com/images/public/6a39c9aee54efe3a86d6d69a/f04838f9d_generated_image.png","El patito de goma despliega dos metralletas láser y desata una ráfaga demoledora sobre todos los rivales.","","https://media.base44.com/images/public/6a39c9aee54efe3a86d6d69a/34e71934f_generated_image.png","","10","Token invocado por KillerDucks. Intercepta ataques enemigos para proteger a su equipo.","https://media.base44.com/images/public/6a39c9aee54efe3a86d6d69a/566c990fc_generated_image.png","false","patito simpático y humoristico usando un pico de picar piedra de la mina","Bloqueador de Baño","AD","auto","116","Un pequeño ataque a distancia. Al recibir un golpe, bloquea el daño para sus aliados.","","","","0","1","0","1","Doble Metralleta Láser","","","{""ability_name"":""Peck"",""ability_text"":""A small ranged attack. Upon taking a hit, it blocks damage for its allies."",""elite_ability_name"":""Peck"",""elite_ability_text"":""A small ranged attack. Upon taking a hit, it blocks damage for its allies."",""name"":null,""description"":""Token summoned by KillerDucks. Intercepts enemy attacks to protect its team."",""tag"":null,""title"":""Bath Blocker""}","","tk_patito_goma","auto","Picotazo","#caa14a","","Patito de goma élite: el mismo patito pero más fuerte y robusto, con armadura, desplegando dos metralletas láser y desatando una ráfaga demoledora. 3D, pose épica, fondo oscuro, aislado.","https://media.base44.com/images/public/6a39c9aee54efe3a86d6d69a/8806d981b_generated_image.png","Patito de Goma","Bizarros","1","1","bizarro","https://base44.app/api/apps/6a39c9aee54efe3a86d6d69a/files/mp/public/6a39c9aee54efe3a86d6d69a/ba5409be9_card_art.jpg","0","","6a50b759e0c81b046b787139","2026-07-10T09:11:53.193000","2026-09-29T10:30:02.997000","6a39c9aee54efe3a86d6d69b","marcoantoniogonzalezmuelas@gmail.com","false"
"","","https://media.base44.com/images/public/6a39c9aee54efe3a86d6d69a/41f320812_generated_image.png","","","https://media.base44.com/images/public/6a39c9aee54efe3a86d6d69a/da4f5f4f1_generated_image.png","","","Recupera una carta aleatoria de tu pila de descartes y la devuelve a tu mano.","","false","3D cinematic render of an arcane necromantic rift: a swirling vortex of purple-green spectral energy with glowing chains pulling a radiant magical orb up from the void, necromantic runes, embers and spectral particles, dark fantasy, volumetric god rays, centered, no text.","Ecos del Abismo","arcano","","117","Recupera un objeto aleatorio de tu mazo de usados y lo devuelve a tu mano.","","recuperación","true","","","16","","","","","{""ability_name"":""Arcane Reanimation"",""ability_text"":""Recover a random object from your used pile and return it to your hand."",""elite_ability_name"":null,""elite_ability_text"":null,""name"":""Arcane Reanimation"",""description"":""An arcane spell that reanimates an object from the discard pile, returning it to your hand."",""tag"":""recovery"",""title"":""Echoes of the Abyss""}","","sp_recover","","Reanimación Arcana","#a06bff","12","","","Reanimación Arcana","","","","spell","","","","6a6d372030acd14aa2dbd5fe","2026-08-01T00:00:32.776000","2026-09-10T10:10:21.605000","6a39c9aee54efe3a86d6d69b","marcoantoniogonzalezmuelas@gmail.com","false"
"https://media.base44.com/images/public/6a39c9aee54efe3a86d6d69a/259af9c68_generated_image.png","45","https://media.base44.com/images/public/6a39c9aee54efe3a86d6d69a/264c33132_generated_image.png","Invoca a una Grulla","","https://base44.app/api/apps/6a39c9aee54efe3a86d6d69a/files/mp/public/6a39c9aee54efe3a86d6d69a/1fae5b1c0_card_art.jpg","","35","El guerrero legendario que blande una espada forjada con ecos de batallas pasadas.","https://media.base44.com/images/public/6a39c9aee54efe3a86d6d69a/c2e18fd29_generated_image.png","true","dale vuelta s en 180 grados","Daidoji Esva","CC","","118","Para el resto de la batalla, cuando esta unidad ataca, inflige 5 puntos de daño adicional por cada otro guerrero vivo en tu campo.","7","L5R","true","8","19","22","10","Dios de la Grulla","","21","{""ability_name"":""Spectral Edge"",""ability_text"":""For the rest of the battle, when this unit attacks, it deals 5 additional damage for every other living warrior on your field."",""elite_ability_name"":""Crane God"",""elite_ability_text"":""Summon a Crane"",""name"":null,""description"":""The legendary warrior who wields a sword forged from the echoes of past battles."",""tag"":""L5R"",""title"":""Daidoji Esva""}","true","daidoji_esva","","Filo Espectral","#cc3333","16","Que salga volando a lomos de una grulla y la animación haga el efecto de volar por toda la pantalla,dale recorrido por toda la pantalla,no olvocdes la raqeuta de tneis como segunda arma","https://media.base44.com/images/public/6a39c9aee54efe3a86d6d69a/9ad680d27_generated_image.png","Daidoji Esva","Guerreros","12","21","hero","https://base44.app/api/apps/6a39c9aee54efe3a86d6d69a/files/mp/public/6a39c9aee54efe3a86d6d69a/7e78117e9_card_art.jpg","6","19","6a7ee845b4aeb0d78243deec","2026-08-14T10:04:53.713000","2026-09-18T08:57:21.613000","6a39c9aee54efe3a86d6d69b","marcoantoniogonzalezmuelas@gmail.com","false"
"https://media.base44.com/images/public/6a39c9aee54efe3a86d6d69a/7a3cced99_generated_image.png","45","https://media.base44.com/images/public/6a39c9aee54efe3a86d6d69a/1282128a4_generated_image.png","Mientras la Grulla siga viva, cura 7 puntos de vida por turno a todos los aliados.","","https://media.base44.com/images/public/6a39c9aee54efe3a86d6d69a/09c381e7b_generated_image.png","","41","Token invocado por Daidoji Esva. Su círculo de protección sana al equipo mientras la Grulla resista.","https://media.base44.com/images/public/6a39c9aee54efe3a86d6d69a/0093db46a_generated_image.png","false","La grulla divina desciende volando por la pantalla con alas extendidas y aura de curacion","Círculo de Protección","HE","","119","Mientras la Grulla siga viva, cura 5 puntos de vida por turno a todos los aliados.","","","","0","0","0","0","Círculo Divino","","0","{""ability_name"":""Circle of Protection"",""ability_text"":""While the Crane is alive, it heals 5 health per turn to all allies."",""elite_ability_name"":""Divine Circle"",""elite_ability_text"":""While the Crane is alive, it heals 7 health per turn to all allies."",""name"":""Crane"",""description"":""Token summoned by Daidoji Esva. Its circle of protection heals the team while the Crane holds on."",""tag"":null,""title"":""Circle of Protection""}","","tk_grulla","fly","Círculo de Protección","#7fe6d0","","","https://media.base44.com/images/public/6a39c9aee54efe3a86d6d69a/f3722873c_generated_image.png","Grulla","Bizarros","0","0","bizarro","https://media.base44.com/images/public/6a39c9aee54efe3a86d6d69a/257316625_generated_image.png","0","0","6a7eebf11982e0c7e2024fe7","2026-08-14T10:20:33.898000","2026-09-09T13:04:37.167000","6a39c9aee54efe3a86d6d69b","marcoantoniogonzalezmuelas@gmail.com","false"
"https://media.base44.com/images/public/6a39c9aee54efe3a86d6d69a/dfdbdc3f7_generated_image.png","47","https://media.base44.com/images/public/6a39c9aee54efe3a86d6d69a/6415f9fe8_generated_image.png","Pierde 20 puntos de vida e invoca un Pegaso (caballería) .","","https://base44.app/api/apps/6a39c9aee54efe3a86d6d69a/files/mp/public/6a39c9aee54efe3a86d6d69a/be0e68a08_card_art.jpg","false","40","Una entidad legendaria cuya presencia en el campo de batalla presagia una masacre inevitable. Sus golpes parten la tierra bajo los pies de sus enemigos.","https://media.base44.com/images/public/6a39c9aee54efe3a86d6d69a/75138eba2_generated_image.png","true","A lomos de un caballo pequeñito, y con figuras de wahammer atacando,sin textos","OnslaugHt","CC","ride","120","Pierde 15 puntos de vida e invoca un Unicornio Kamikaze (caballería) .","12","L5R","true","12","16","50","10","Llamada del Pegaso","","29","{""ability_name"":""Unicorn Call"",""ability_text"":""Lose 15 health points and summon a Kamikaze Unicorn (cavalry)."",""elite_ability_name"":""Pegasus Call"",""elite_ability_text"":""Lose 20 health points and summon a Pegasus (cavalry)."",""name"":null,""description"":""A legendary entity whose battlefield presence heralds an inevitable massacre. Their blows split the earth beneath their enemies' feet."",""tag"":""L5R"",""title"":""OnslaugHt""}","true","chuchinjo_tokatus","ride","Llamada del Unicornio","#cc88ff","16","Montado en un pura sangre, deFerrari y con cartas de juegos de rol atcnado, y dados asesinos","https://media.base44.com/images/public/6a39c9aee54efe3a86d6d69a/1da52d4e0_generated_image.png","Chuchinjo Tokatus","Épicas","12","18","hero","https://base44.app/api/apps/6a39c9aee54efe3a86d6d69a/files/mp/public/6a39c9aee54efe3a86d6d69a/fc3a9a346_card_art.jpg","10","27","6a8838f7da0cc0ce601b50a2","2026-08-21T11:39:35.826000","2026-09-18T08:58:42.024000","6a39c9aee54efe3a86d6d69b","marcoantoniogonzalezmuelas@gmail.com","false"
"https://media.base44.com/images/public/6a39c9aee54efe3a86d6d69a/368d7b677_generated_image.png","15","https://media.base44.com/images/public/6a39c9aee54efe3a86d6d69a/f83097815_generated_image.png","Se inmola: inflige 20 de daño a un rival atravesando su armadura y se sacrifica.","","https://base44.app/api/apps/6a39c9aee54efe3a86d6d69a/files/mp/public/6a39c9aee54efe3a86d6d69a/623a7d12b_card_art.jpg","","15","Invocación de caballería de Chuchinjo Tokatus. No tiene versión élite: su segunda ilustración es un arte alternativo que sale de forma aleatoria.","https://media.base44.com/images/public/6a39c9aee54efe3a86d6d69a/ce6cc60a5_generated_image.png","","Un caballito kamikaze de la época de samuráis japonenes y un avión del barón rojo kamikaze de la guerra mundial a sus espaldas. Suicida


","Followers · Caballería","CC","auto","121","Se inmola: inflige 20 de daño a un rival atravesando su armadura y se sacrifica.","","","","1","5","0","1","Kamikaze","","5","","","tk_unicornio","headbutt","Kamikaze","#ff8a5c","","EL caballo está gordito y tiene atado en lu barriga un paqeute de dinamita marca ACME, y a lo lejos el correcaminas, haciendeo piiipppiippppp- Añade al correcaminos
","https://media.base44.com/images/public/6a39c9aee54efe3a86d6d69a/085dd6bbc_generated_image.png","Unicornio Kamikaze","Bizarros","1","5","bizarro","https://base44.app/api/apps/6a39c9aee54efe3a86d6d69a/files/mp/public/6a39c9aee54efe3a86d6d69a/23a8eaa45_card_art.jpg","1","5","6a88f9c74948ab432c593124","2026-08-22T01:22:15.777000","2026-08-23T00:35:44.692000","6a39c9aee54efe3a86d6d69b","marcoantoniogonzalezmuelas@gmail.com","false"
"https://media.base44.com/images/public/6a39c9aee54efe3a86d6d69a/2e04ab97d_generated_image.png","27","https://media.base44.com/images/public/6a39c9aee54efe3a86d6d69a/cb9b08756_generated_image.png","Pasa a ser el más rápido de todos los héroes y lanza un rayo de 10 de daño, que atraviesa armaduras, a todos los héroes rivales, curándose 5.","","https://base44.app/api/apps/6a39c9aee54efe3a86d6d69a/files/mp/public/6a39c9aee54efe3a86d6d69a/8c83fc926_card_art.jpg","","20","Invocación de caballería élite de Chuchinjo Tokatus.","https://media.base44.com/images/public/6a39c9aee54efe3a86d6d69a/f718fc460_generated_image.png","","Un caballo humorístico y poco habilidoso y con sombrero de chef de c9c8bs poniendo la pezuña en un enchufe y saliendo disparado volando echando rayos 
","Followers · Caballería","CC","fly","122","Pasa a ser el más rápido de todos los héroes y lanza un rayo de 5 de daño, que atraviesa armaduras, a todos los héroes rivales.","","","","1","5","0","1","Tormenta de Rayos","","7","","true","tk_pegaso","fly","Tormenta de Rayos","#8fd8ff","","Caballo torpon y humorístico alado chocando  con la cabeza contra una farola y al chocar ,generando luz y rayos potentes ","https://media.base44.com/images/public/6a39c9aee54efe3a86d6d69a/c97de6f0b_generated_image.png","Pegaso","Bizarros","1","7","bizarro","https://base44.app/api/apps/6a39c9aee54efe3a86d6d69a/files/mp/public/6a39c9aee54efe3a86d6d69a/41b319d63_card_art.jpg","1","5","6a88f9c74948ab432c593125","2026-08-22T01:22:15.777000","2026-09-09T11:24:14.569000","6a39c9aee54efe3a86d6d69b","marcoantoniogonzalezmuelas@gmail.com","false"
"https://media.base44.com/images/public/6a39c9aee54efe3a86d6d69a/7e6a10254_generated_image.png","80","https://media.base44.com/images/public/6a39c9aee54efe3a86d6d69a/0ab951768_generated_image.png","Reduce los stats de un rival a -15 de forma azarosa ","","https://base44.app/api/apps/6a39c9aee54efe3a86d6d69a/files/mp/public/6a39c9aee54efe3a86d6d69a/88596174a_card_art.jpg","","69","","https://media.base44.com/images/public/6a39c9aee54efe3a86d6d69a/030c8af28_generated_image.png","true","Un compresor roto ardiendo.","Fas Everest Panzer","CC","auto","123","Desactiva la habilidad del rival o Fase Elite del rival que elijas.","","club","","6","28","65","6","Monedero Roto","","3","{""ability_name"":""Broken Compressor"",""ability_text"":""Disable the chosen opponent's ability or Elite Phase."",""elite_ability_name"":""Broken Purse"",""elite_ability_text"":""Randomly reduce an opponent's stats to -15."",""name"":null,""description"":null,""tag"":""club"",""title"":""Fas Everest Panzer""}","","Faseve","auto","Compresor Roto","#cc88ff","15","La maquina de Vending se rompen y regenera en bucle. El técnico de mantenimiento está subido a un unicorno. Sin robots humanoides y sin cosas del espacio.","https://media.base44.com/images/public/6a39c9aee54efe3a86d6d69a/1f3976e28_generated_image.png","Fas Everest Panzer","Épicas","6","50","hero","https://base44.app/api/apps/6a39c9aee54efe3a86d6d69a/files/mp/public/6a39c9aee54efe3a86d6d69a/19e84afa0_card_art.jpg","4","1","6a8a050147c55e9094052ce8","2026-08-22T20:22:25.972000","2026-09-18T10:17:49.893000","6a4fc61d3ffd932e416717f6","lorcasomoza360@gmail.com","false"
"","","https://media.base44.com/images/public/6a39c9aee54efe3a86d6d69a/b8ab2d1e3_generated_image.png","","","https://media.base44.com/images/public/6a39c9aee54efe3a86d6d69a/2bedee8e6_generated_image.png","","","Roba una carta al azar de la mano del rival y la añade a tu mano.","","false","3D cinematic: ladrón enmascarado que arrebata una carta brillante de la mano rival, estela de energía violeta y esmeralda, cartas escapando, fondo negro puro, figura aislada. Ponle colores qeu se vean , no qeu sean traslucidos, opacidad,fondo negro","Manos de Humo","arcano","","124","Roba una carta al azar de la mano del rival y la añade a tu mano.","","robo","true","","","18","","","","","{""ability_name"":""Masked Heist"",""ability_text"":""Steal a random card from the rival's hand and add it to your hand."",""elite_ability_name"":null,""elite_ability_text"":null,""name"":""The Masked Thief"",""description"":""Steal a random card from the rival's hand and add it to your hand."",""tag"":""steal"",""title"":""Hands of Smoke""}","","sp_steal","spin","Robo Enmascarado","#7affc0","12","","","El Ladrón Enmascarado","","","","spell","","","","6a8d759a58fa3a5ee195d7fd","2026-08-25T10:59:38.745000","2026-09-10T10:10:21.605000","6a39c9aee54efe3a86d6d69b","marcoantoniogonzalezmuelas@gmail.com","false"
"","","https://media.base44.com/images/public/6a39c9aee54efe3a86d6d69a/a92388dae_generated_image.png","","","https://base44.app/api/apps/6a39c9aee54efe3a86d6d69a/files/mp/public/6a39c9aee54efe3a86d6d69a/e4afffc84_card_art.jpg","","","Roba 15 de vida al héroe rival seleccionado y se la da al héroe que utiliza el objeto.","","","La bruja gótica sexy, con cuero negro ajustado y cascos de música, vuela por toda la pantalla en su escoba con el pote de Drenaje en sus manos de uñas largas y perfiladas.Que vista toda de rojo","Pócima de la Bruja Bizarra","arcano","","125","Roba 15 de vida al héroe rival seleccionado y se la da al héroe que utiliza el objeto.","","","","","","15","","","","","{""ability_name"":""Drain"",""ability_text"":""Steals 15 life from the selected enemy hero and gives it to the hero using the object."",""elite_ability_name"":null,""elite_ability_text"":null,""name"":""Drain"",""description"":""Steals 15 life from the selected enemy hero and gives it to the hero using the object."",""tag"":null,""title"":""Bizarre Witch's Brew""}","","ob_drain","cross_loop","Drenaje","","","","","Drenaje","","","","object","","","","6a8f6ebf4bb299cd14701e65","2026-08-26T22:54:55.835000","2026-08-27T09:53:08.255000","6a39c9aee54efe3a86d6d69b","marcoantoniogonzalezmuelas@gmail.com","false"
"","","https://media.base44.com/images/public/6a39c9aee54efe3a86d6d69a/75831bcab_generated_image.png","","","https://media.base44.com/images/public/6a39c9aee54efe3a86d6d69a/1c985ee67_generated_image.png","","","Coge automáticamente un arma de tu pila de descartes y la equipa en el héroe que elijas.","","false","Dale color a las ropas para qeu se vea bien en la batalla, ahora se ve todo negro","","arcano","","118","Coge automáticamente un arma de tu pila de descartes y la equipa en el héroe que elijas.","","","","","","8","","","","","{""ability_name"":""Rearm"",""ability_text"":""Automatically pick up a weapon from your discard pile and equip it to a hero of your choice."",""elite_ability_name"":null,""elite_ability_text"":null,""name"":""Rearm"",""description"":""Automatically pick up a weapon from your discard pile and equip it to a hero of your choice."",""tag"":null,""title"":null}","","ob_rearm","heroic","Rearmar","","","","","Rearmar","","","","object","","","","6aa27a5d3b0503f22397c3a0","2026-09-10T09:37:33.489000","2026-09-10T10:17:14.418000","6a39c9aee54efe3a86d6d69b","marcoantoniogonzalezmuelas@gmail.com","false"
"https://media.base44.com/images/public/6a39c9aee54efe3a86d6d69a/1db0e51a9_generated_image.png","34","https://media.base44.com/images/public/6a39c9aee54efe3a86d6d69a/da1e088bc_generated_image.png","Recita un soneto devastador: inflige 12 de daño mágico a todos los rivales y los SILENCIA durante 1 turno.","","https://media.base44.com/images/public/6a39c9aee54efe3a86d6d69a/f7e789762_generated_image.png","false","24","Hechicero cotidiano de 48 años, algo calvo y con gafas. Convierte poemas rotos, Bocabits y cortezas de trigo en magia crujiente.","https://media.base44.com/images/public/6a39c9aee54efe3a86d6d69a/3527324ae_generated_image.png","true","BagsLord abre su cuaderno y dispara una corteza encantada envuelta en versos dorados y migas mágicas.","Poeta Trizas","HE","tornado","126","Lanza una corteza encantada a un rival: le inflige 8 de daño mágico y lo deja CONFUSO durante 2 turnos.","7","club","false","24","4","17","6","Soneto del Crujido Final","","24","{""ability_name"":""Ode to the Bark"",""ability_text"":""Hurl an enchanted piece of bark at a rival: deals 8 Sorcery damage and leaves them CONFUSED for 2 turns."",""elite_ability_name"":""Sonnet of the Final Crunch"",""elite_ability_text"":""Recite a devastating sonnet: deals 12 Sorcery damage to all rivals and SILENCES them for 1 turn."",""name"":null,""description"":""An everyday 48-year-old sorcerer, slightly bald and bespectacled. He turns broken poems, snacks, and wheat husks into crunchy magic."",""tag"":""club"",""title"":""Poeta Trizas""}","false","bagslord","fly","Oda a la Corteza","#e0498b","35","BagsLord alza su grimorio y desata una tormenta circular de cortezas, runas poéticas y sellos violetas de silencio.","https://media.base44.com/images/public/6a39c9aee54efe3a86d6d69a/065b3b2c2_generated_image.png","BagsLord","Cotidianos","8","6","hero","https://media.base44.com/images/public/6a39c9aee54efe3a86d6d69a/1f39859e0_generated_image.png","18","18","6aac55fa4ec9f5e9598308f9","2026-09-17T21:04:58.463000","2026-09-18T10:17:17.253000","6a39c9aee54efe3a86d6d69b","marcoantoniogonzalezmuelas@gmail.com","false"
"https://media.base44.com/images/public/6a39c9aee54efe3a86d6d69a/07437f1d3_generated_image.png","25","https://media.base44.com/images/public/6a39c9aee54efe3a86d6d69a/220c1503d_generated_image.png","El héroe se hace invisible durante dos turnos: No puede ser atacado ni le afecta ningún estado negativo ni de daño, tanto de héroes como de hechizos /objetos.","{""flag"":""_bfInvisible"",""icon"":""👁️"",""icon_url"":""https://media.base44.com/images/public/6a39c9aee54efe3a86d6d69a/06ee0ce87_generated_image.png"",""icon_prompt"":""invisibilidad"",""color"":""#c05bff"",""label"":""Invisible"",""tipo"":""conditional""}","https://base44.app/api/apps/6a39c9aee54efe3a86d6d69a/files/mp/public/6a39c9aee54efe3a86d6d69a/fed01d14d_card_art.jpg","","22","Un mago enigmático que domina las ilusiones y las distorsiones mentales para desorientar a sus oponentes en el campo de batalla.","https://media.base44.com/images/public/6a39c9aee54efe3a86d6d69a/ad0fa50fc_generated_image.png","true","El calamar que este por abajo como camninando con su hijos pequeños calamarcitos","Master Of Confusion","HE","auto","127","El enemigo elegido pasa a estar Desorientado: Su próximo ataque podrá ir a cualquier objetivo, tanto héroes del rival, aliados suyos e incluso a sí mismo (Tira dado de 3 caras).","6","L5R","","26","10","26","5","Tinta de Calamar","{""flag"":""_bfDisoriented"",""icon"":""🧭"",""icon_url"":""https://media.base44.com/images/public/6a39c9aee54efe3a86d6d69a/686e3ad2c_generated_image.png"",""icon_prompt"":""Ryoga de Ranma 1/2"",""color"":""#c79bff"",""label"":""Desorientado"",""tipo"":""conditional""}","26","{""ability_name"":""Disoriented"",""ability_text"":""Target enemy becomes Disoriented: Their next attack hits a random target—rival heroes, their own allies, or even themselves (Roll a 3-sided die)."",""elite_ability_name"":""Squid Ink"",""elite_ability_text"":""The hero becomes invisible for two turns: They cannot be attacked or affected by negative status effects or damage from heroes, sorcery, or items."",""name"":null,""description"":""An enigmatic mage who masters illusions and mental distortion to baffle his opponents on the battlefield."",""tag"":""L5R"",""title"":""Master of Confusion""}","","monkgeta","auto","Disoriented","#6644cc","44","","https://media.base44.com/images/public/6a39c9aee54efe3a86d6d69a/17ca7b854_generated_image.png","Monkgeta","Magos","7","16","hero","https://base44.app/api/apps/6a39c9aee54efe3a86d6d69a/files/mp/public/6a39c9aee54efe3a86d6d69a/2529a0a2c_card_art.jpg","24","24","6aad2819863039683e06a66d","2026-09-18T12:01:29.578000","2026-09-21T22:59:09.826000","6a39c9aee54efe3a86d6d69b","marcoantoniogonzalezmuelas@gmail.com","false"
"","","https://media.base44.com/images/public/6a39c9aee54efe3a86d6d69a/d16f55f62_generated_image.png","","","https://media.base44.com/images/public/6a39c9aee54efe3a86d6d69a/74e9681ab_generated_image.png","","","Concede a tu héroe INVISIBILIDAD durante 2 turnos: ningún rival puede atacarle y no le afecta ningún daño ni estado negativo.","","false","Un mediano regordete y descalzo se pone el anillo dorado con una sonrisa pícara y se va volviendo invisible entre destellos dorados.","Uno para esconderlos a todos","arcano","","128","Concede a tu héroe INVISIBILIDAD durante 2 turnos: ningún rival puede atacarle y no le afecta ningún daño ni estado negativo.","","","","","","10","","","","","{""ability_name"":""The Ring"",""ability_text"":""Grants your hero INVISIBILITY for 2 turns: no rival can attack them and no damage or negative status affects them."",""elite_ability_name"":null,""elite_ability_text"":null,""name"":""The Ring"",""description"":""Grants your hero INVISIBILITY for 2 turns: no rival can attack them and no damage or negative status affects them."",""tag"":null,""title"":""One to hide them all""}","","ob_ring","teleport","El Anillo","","","","","El Anillo","","","","object","","","","6ab86e3f06f3c23e75a8214b","2026-09-27T01:15:43.303000","2026-09-27T01:15:43.303000","6a39c9aee54efe3a86d6d69b","marcoantoniogonzalezmuelas@gmail.com","false"
"https://media.base44.com/images/public/6a39c9aee54efe3a86d6d69a/2c8b32b3e_generated_image.png","27","https://media.base44.com/images/public/6a39c9aee54efe3a86d6d69a/a66289cc8_generated_image.png","Inflige 9 de daño directo a todos los enemigos y reduce sus atributos en 5 puntos durante 2 turnos.","","https://base44.app/api/apps/6a39c9aee54efe3a86d6d69a/files/mp/public/6a39c9aee54efe3a86d6d69a/bb537742e_card_art.jpg","","24","Un espectro antiguo que se alimenta de los miedos más profundos de sus oponentes, manifestándolos en una niebla oscura.","https://media.base44.com/images/public/6a39c9aee54efe3a86d6d69a/13a855185_generated_image.png","true","","El Asustador","HE","auto","129","Inflige 6 de daño directo a todos los enemigos y reduce sus atributos en 3 puntos durante 1 turno.","6","L5R","","21","15","23","5","Pesadilla Viviente","","18","{""ability_name"":""Aura of Terror"",""ability_text"":""Deals 6 direct damage to all enemies and reduces their attributes by 3 points for 1 turn."",""elite_ability_name"":""Living Nightmare"",""elite_ability_text"":""Deals 9 direct damage to all enemies and reduces their attributes by 5 points for 2 turns."",""name"":null,""description"":""An ancient specter that feeds on the deepest fears of its opponents, manifesting them as a dark fog."",""tag"":""l5r"",""title"":""The Scaresmith""}","","Notos","auto","Aura de Terror","#7a2a8a","35","","https://media.base44.com/images/public/6a39c9aee54efe3a86d6d69a/5d3b8ccdc_generated_image.png","Nosumes","No-muertos","7","18","hero","https://base44.app/api/apps/6a39c9aee54efe3a86d6d69a/files/mp/public/6a39c9aee54efe3a86d6d69a/50bc22a79_card_art.jpg","18","16","6abe5554f0281b0f2cdfb49f","2026-10-01T12:43:00.618000","2026-10-01T12:47:02.824000","6a39c9aee54efe3a86d6d69b","marcoantoniogonzalezmuelas@gmail.com","false"